running 1722 tests

/Users/ed/Library/Caches/sysl/pkg/github.com/sysl-lang/parsing/@v0.9.0/sh/sysl/parsing/tests.sysl
  ok    an_empty_input_has_one_line                                                                                     2ms
  ok    lines_are_counted_from_one                                                                                      1ms
  ok    an_offset_past_the_end_lands_after_the_last_character                                                           1ms
  ok    a_column_counts_characters_and_not_bytes                                                                        1ms
  ok    a_trailing_newline_opens_an_empty_last_line                                                                     1ms
  ok    a_line_is_handed_back_without_its_terminator                                                                    2ms
  ok    a_span_covers_both_of_its_children                                                                              1ms
  ok    a_scanner_walks_bytes                                                                                           1ms
  ok    a_cursor_saturates_at_the_end                                                                                   1ms
  ok    accepting_moves_only_on_a_match                                                                                 1ms
  ok    a_run_is_all_or_nothing                                                                                         2ms
  ok    accepting_from_a_set_and_by_a_predicate                                                                         1ms
  ok    runs_report_how_far_they_went                                                                                   1ms
  ok    skip_until_stops_on_the_byte_it_found                                                                           1ms
  ok    skip_until_stops_at_the_end_when_nothing_is_there                                                               1ms
  ok    a_mark_takes_the_token_and_puts_the_cursor_back                                                                 1ms
  ok    characters_are_read_whole                                                                                       1ms
  ok    integers_in_every_base                                                                                          2ms
  ok    underscores_separate_and_do_not_lead_or_trail                                                                   1ms
  ok    a_prefix_with_no_digits_is_refused                                                                              1ms
  ok    the_largest_value_fits_and_the_next_one_does_not                                                                1ms
  ok    an_overflow_still_consumes_the_whole_number                                                                     1ms
  ok    a_number_is_an_integer_until_something_says_otherwise                                                           1ms
  ok    a_dot_with_no_digit_after_it_is_not_part_of_the_number                                                          1ms
  ok    a_prefixed_literal_is_never_a_float                                                                             1ms
  ok    escapes_decode                                                                                                  1ms
  ok    a_surrogate_pair_is_one_character                                                                               1ms
  ok    a_quote_that_never_closes_is_refused                                                                            1ms
  ok    a_refusal_underlines_what_was_wrong                                                                             1ms
  ok    text_outside_the_escapes_is_copied_whole                                                                        1ms
  ok    a_character_literal_holds_exactly_one                                                                           1ms
  ok    a_byte_set_holds_what_was_put_in_it                                                                             1ms
  ok    a_set_covers_every_byte_and_not_only_the_ascii_ones                                                             2ms
  ok    sets_combine                                                                                                    1ms
  ok    identifier_classes_are_the_c_family_ones                                                                        1ms
  ok    a_set_drives_the_cursor                                                                                         1ms
  ok    looking_ahead_moves_nothing                                                                                     1ms
  ok    blanks_stop_at_a_newline_and_space_does_not                                                                     1ms
  ok    crlf_is_one_line_ending                                                                                         1ms
  ok    a_bare_carriage_return_is_a_line_ending                                                                         1ms
  ok    a_carriage_return_takes_only_a_newline_with_it                                                                  1ms
  ok    comments_run_to_the_end_of_the_line                                                                             1ms
  ok    block_comments_nest_when_the_language_says_they_do                                                              1ms
  ok    a_comment_that_never_closes_reports_where_it_started                                                            1ms
  ok    a_keyword_is_only_a_keyword_when_the_word_ends                                                                  1ms
  ok    identifiers_are_read_as_spans                                                                                   1ms
  ok    a_span_that_is_the_wrong_way_round_has_no_length                                                                1ms
  ok    brackets_are_counted_past                                                                                       1ms
  ok    a_diagnostic_renders_the_way_the_compiler_does                                                                  1ms
  ok    a_caret_is_as_wide_as_its_span                                                                                  1ms
  ok    a_point_still_gets_a_caret                                                                                      1ms
  ok    a_caret_lands_under_wide_characters                                                                             1ms
  ok    a_span_over_several_lines_is_drawn_against_its_first                                                            1ms
  ok    the_gutter_is_as_wide_as_the_line_number                                                                        1ms
  ok    a_report_sorts_by_position_and_stops_at_its_limit                                                               1ms
  ok    a_report_keeps_the_order_it_was_given_at_one_place                                                              1ms
  ok    a_caret_survives_a_span_inside_a_windows_line_ending                                                            1ms
  ok    a_report_of_warnings_alone_is_not_a_failure                                                                     1ms
  ok    quoting_the_input_cannot_rearrange_a_message                                                                    2ms
  ok    what_was_found_at_the_end_of_the_input_is_named                                                                 1ms
  ok    precedence_falls_out_of_the_numbers                                                                             1ms
  ok    association_is_the_difference_between_two_numbers                                                               1ms
  ok    prefix_and_postfix_are_the_callbacks_business                                                                   1ms
  ok    an_empty_stream_has_no_expression                                                                               1ms
  ok    a_token_cursor_knows_where_it_is                                                                                1ms
  ok    a_predicate_takes_a_token_only_when_it_matches                                                                  1ms
  ok    a_block_opens_on_a_deeper_line_and_closes_on_a_shallower_one                                                    1ms
  ok    everything_still_open_closes_at_the_end_of_the_input                                                            1ms
  ok    blank_lines_are_not_lines                                                                                       1ms
  ok    a_line_that_lines_up_with_nothing_is_named                                                                      1ms
  ok    a_ragged_line_says_how_many_blocks_it_closed                                                                    1ms
  ok    a_newline_inside_brackets_means_nothing                                                                         1ms
  ok    a_close_with_nothing_open_does_not_go_negative                                                                  1ms
  ok    a_block_may_open_inside_brackets_once_the_grammar_says_so                                                       1ms
  ok    the_bracket_closes_the_blocks_that_opened_inside_it                                                             1ms
  ok    a_bracket_opened_inside_a_block_still_suspends_that_block                                                       1ms
  ok    blocks_and_brackets_nest_to_any_depth                                                                           2ms
  ok    a_separator_closes_the_blocks_that_opened_inside_the_bracket                                                    1ms
  ok    a_separator_outside_brackets_closes_nothing                                                                     1ms
  ok    a_separator_leaves_a_block_the_bracket_did_not_open                                                             1ms
  ok    a_separator_closes_every_block_the_bracket_opened                                                               1ms
  ok    a_block_opener_with_nothing_indented_under_it_just_passes                                                       1ms
  ok    a_whole_pass_puts_a_block_inside_a_bracket_pair                                                                 1ms
  ok    brackets_with_no_block_opener_behave_exactly_as_before                                                          2ms
  ok    tabs_advance_to_the_next_stop                                                                                   1ms
  ok    the_depth_is_what_is_open                                                                                       1ms
  ok    the_token_just_taken_can_be_read_back                                                                           1ms
  ok    an_interpolated_literal_answers_its_chunks_and_its_holes                                                        1ms
  ok    there_is_one_more_chunk_than_there_are_holes                                                                    1ms
  ok    a_chunks_escapes_are_read_the_way_a_quoted_literals_are                                                         1ms
  ok    a_brace_inside_a_hole_nests_and_one_inside_a_string_does_not                                                    1ms
  ok    a_literal_or_a_hole_that_never_closes_is_refused                                                                1ms
  ok    the_opener_and_the_closer_are_the_callers                                                                       1ms
  ok    a_bare_name_after_the_sigil_is_a_hole_too                                                                       1ms
  ok    a_bare_hole_spans_exactly_its_name                                                                              1ms
  ok    A_DOUBLED_SIGIL_STAYS_A_SIGIL_WHEN_BARE_NAMES_ARE_ON                                                            1ms
  ok    a_bare_name_stops_at_the_first_byte_that_cannot_continue_one                                                    1ms
  ok    BOTH_FORMS_STAND_IN_ONE_LITERAL                                                                                 1ms
  ok    A_SIGIL_THAT_BEGINS_NO_NAME_IS_ORDINARY_TEXT                                                                    1ms
  ok    THE_BARE_FORM_IS_OFF_FOR_read_interpolated                                                                      1ms
  ok    the_bare_sigil_follows_the_opener_the_caller_gave                                                               1ms
  ok    a_sub_source_keeps_every_offset_line_and_column                                                                 1ms
  ok    a_report_takes_what_another_one_gathered                                                                        1ms
  ok    the_eight_digit_universal_character_name                                                                        1ms
  ok    a_fixed_width_hexadecimal_escape_is_readable_on_its_own                                                         1ms
  ok    a_raw_literal_decodes_nothing                                                                                   1ms
  ok    a_fence_lets_two_delimiters_belong_to_the_text                                                                  1ms
  ok    reading_a_fence_moves_no_cursor                                                                                 1ms
  ok    a_written_literal_reads_back_as_what_went_in                                                                    1ms
  ok    the_quote_is_the_callers_and_a_backtick_is_not_escaped                                                          1ms
  ok    an_edit_distance_counts_single_character_changes                                                                1ms
  ok    a_guess_is_offered_only_where_it_is_NEARLY_right                                                                2ms
  ok    a_count_and_an_article_read_as_english                                                                          1ms
  ok    a_scoped_name_is_in_scope_until_its_region_closes                                                               1ms
  ok    a_name_may_be_added_to_a_region_after_it_opens                                                                  1ms
  ok    a_scope_left_unclosed_is_cleared_rather_than_carried_into_the_next_parse                                        1ms
  ok    a_bracketed_list_of_bare_names_is_told_from_everything_else                                                     1ms

/Users/ed/Library/Caches/sysl/pkg/github.com/sysl-lang/parsing/@v0.9.0/sh/sysl/parsing/tests_json.sysl
  ok    json_reads_the_shapes                                                                                           1ms
  ok    json_nests                                                                                                      1ms
  ok    json_decodes_escapes_and_refuses_the_ones_it_does_not_have                                                      1ms
  ok    json_numbers_are_narrower_than_the_readers                                                                      1ms
  ok    json_says_what_it_expected                                                                                      1ms
  ok    a_json_error_renders_against_its_input                                                                          1ms
  ok    a_json_error_names_where_the_bracket_opened                                                                     2ms

/Users/ed/dev/sysl-lang/sysl-emit-d1/sh/sysl/compiler/tests.sysl
  ok    --version answers the version and exits fine                                                                    1ms
  ok    no arguments is a misuse, and the usage is said                                                                 1ms
  ok    a command the compiler cannot carry out yet is named back, and is a misuse                                      1ms
  ok    build with nothing to build says how it is written                                                              1ms
  ok    the version here is the manifest's                                                                              1ms
  ok    emit-ast prints the tree, with every node's span                                                                2ms
  ok    and --no-spans prints the same tree with no positions in it                                                     1ms
  ok    a file emit-ast cannot read is a failure, and the file is named                                                 1ms
  ok    a file the parser refuses is a failure, and the complaint is quoted at its line                                 2ms
  ok    emit-ast with no file at all is a misuse                                                                        1ms

/Users/ed/dev/sysl-lang/sysl-emit-d1/sh/sysl/compiler/tests_arc.sysl
  ok    a counted parameter is retained at entry and released at every return                                           3ms
  ok    a result is handed back with a count already taken                                                              2ms
  ok    an aggregate delegates to a helper that walks its reference-carrying fields                                     2ms
  ok    a payload with a destructor gets a hook of its own, which runs the drop before the walk                         312ms
  ok    a payload that holds nothing shares the one hook that only gives the storage back                               2ms
  ok    a buffer's hook walks the elements it still holds and then returns the storage                                  2ms
  ok    a sized buffer checks its own size before it asks for the storage                                               2ms
  ok    an array literal is an insertvalue chain over the zero                                                          2ms
  ok    the entry point installs the stack guard and fills the storage a program starts with                            1ms
  ok    a postcondition runs with 'result' bound to the value about to be returned                                      2ms
  ok    an 'old' snapshot is taken into a hidden slot at entry                                                          1ms
  ok    inline assembly loads every input before the block and stores every output after it                             2ms
  ok    a simple enum's variant carries the value the program wrote, not its position                                   1ms
  ok    a volatile field reached through a pointer is one volatile load of the field                                    2ms
  ok    a bitfield struct places every field before it ors any of them together                                         1ms
  ok    a view of an array a caller passed by value has nowhere to be promoted                                          310ms
  ok    an array that asked for a boundary of its own may not be promoted to the heap                                   307ms
  ok    a view that stays inside the frame is not an escape and earns nothing                                           307ms
  ok    an implementation that keeps what a trait lent it is refused by the name the trait gave                         306ms

/Users/ed/dev/sysl-lang/sysl-emit-d1/sh/sysl/compiler/tests_ast.sysl
  ok    a node's span covers what was written, from its first token to its last                                         2ms
  ok    a member selection is positioned at the member, not at the punctuation                                          1ms
  ok    a 'with' field is positioned at its name                                                                        1ms
  ok    a match arm's span covers the arm                                                                               2ms
  ok    every expression form the grammar builds has a shape a test can read                                            1ms
  ok    every type form has one too                                                                                     1ms
  ok    and every pattern form                                                                                          1ms
  ok    a function declaration carries everything a declaration may say about a function                                1ms
  ok    a method knows how it takes its receiver, and a property with none takes it by value                            1ms
  ok    the struct, enum, trait and impl nodes exist, with the members they carry                                       1ms
  ok    and the statement kinds a body is made of                                                                       1ms
  ok    an attribute knows the word it was written as                                                                   2ms
  ok    a module name is its parts, joined by the dots they were written with                                           1ms

/Users/ed/dev/sysl-lang/sysl-emit-d1/sh/sysl/compiler/tests_cabi.sysl
  ok    AAPCS64 names a result by its exact width and an argument by the register's                                     2ms
  ok    two fields that fit one register travel in one register                                                         2ms
  ok    past one register and up to two, AAPCS64 names an array of two                                                  2ms
  ok    an aggregate of up to four members of one floating width goes in floating registers                             2ms
  ok    an array of floats is a floating aggregate, and so is a struct of structs of them                               2ms
  ok    a fifth member makes it an ordinary aggregate, and its size is then too much                                    2ms
  ok    a mixture of two floating widths is never homogeneous                                                           2ms
  ok    half-width floats are homogeneous like any other one width                                                      1ms
  ok    a sixteen-byte aggregate wanting sixteen-byte alignment is one wide integer                                     2ms
  ok    an AAPCS64 argument made only of addresses is named in addresses                                                2ms
  ok    a bool is the byte it occupies, not the bit it is written as                                                    2ms
  ok    past two registers the caller supplies the storage                                                              1ms
  ok    away from Darwin a floating aggregate says how far to align it on the stack                                     2ms
  ok    System V names a single chunk by its exact width, up to the whole register                                      2ms
  ok    two chunks are two parameters and a literal struct of two                                                       2ms
  ok    a chunk carrying one small member is named after it, and otherwise after its bytes                              1ms
  ok    a chunk that is exactly one address is named as one, in either direction                                        3ms
  ok    half-width floats share a System V chunk as a vector of however many fit                                        1ms
  ok    a wide integer is two System V chunks like anything else of that size                                           2ms
  ok    a chunk of floating members is a floating register, and two floats share one as a vector                        2ms
  ok    a chunk mixing a float with anything else is an integer register                                                2ms
  ok    past two chunks the argument goes on the stack and the result into caller storage                               1ms
  ok    everything that fits two RISC-V registers is named in whole ones                                                3ms
  ok    one or two floating members are passed as themselves                                                            2ms
  ok    and so is one floating member beside one integer, in either order                                               1ms
  ok    a pointer beside a float does not flatten, and a pointer is never named as one                                  2ms
  ok    half-width floats flatten in pairs and no further                                                               2ms
  ok    sixteen-byte alignment names two RISC-V registers as one wide integer                                           2ms
  ok    a third floating member ends the flattening                                                                     1ms
  ok    a bare-metal RISC-V target flattens nothing, having no floating registers                                       2ms
  ok    one RV32 word or less is one register, named by the aggregate's own width                                       2ms
  ok    two RV32 words are named by the alignment, not by the size                                                      2ms
  ok    past two RV32 words it is memory, by address in both directions                                                 2ms
  ok    a float is bytes on RV32, there being no floating registers on this core                                        1ms
  ok    an AAPCS32 result of one word or less is an integer of its own width                                            2ms
  ok    one byte past a word is memory coming back and registers going out                                              2ms
  ok    an eight-aligned aggregate is named in eights, on a machine whose registers are four                            2ms
  ok    an aggregate far past any register file still goes out in registers                                             1ms
  ok    an AAPCS32 floating aggregate is the struct type, going out and coming back                                     2ms
  ok    an aggregate of exactly one, two, four or eight bytes goes in a Windows register                                2ms
  ok    floating members get no special treatment on Windows                                                            2ms
  ok    any other size at all goes by address, three bytes as much as thirty                                            2ms
  ok    a Windows address is eight bytes and nothing more                                                               2ms
  ok    one scalar wrapped in a struct is that scalar, whatever it is                                                   2ms
  ok    a WebAssembly address stays an address                                                                          1ms
  ok    two members are memory at any size, which no other convention says                                              2ms
  ok    a floating aggregate gets no floating case, there being none in this convention                                 1ms
  ok    the caller's copy is aligned to the type and not floored at a word                                              2ms
  ok    the unwrapping sees through nesting and through a one-element array                                             2ms
  ok    a view is three words and so travels by address                                                                 1ms
  ok    a tuple is a struct and is classified as one                                                                    2ms
  ok    a data enum is its tag and the region its payloads share                                                        2ms
  ok    a simple enum is its underlying integer and has nothing to classify                                             2ms
  ok    an aggregate that occupies nothing is left alone                                                                1ms

/Users/ed/dev/sysl-lang/sysl-emit-d1/sh/sysl/compiler/tests_checks.sysl
  ok    a '@ghost' function called from something that runs is refused                                                  2ms
  ok    and so is one called from a body reached through a statement                                                    1ms
  ok    a contract clause is where a '@ghost' function may be called                                                    2ms
  ok    and so is a loop's 'invariant'                                                                                  1ms
  ok    a '@ghost' function may call another, its own body being where real state is read                               1ms
  ok    handing back a value whose type has a 'Drop' is warned about                                                    306ms
  ok    handing back the boxed form is what the warning asks for, so it says nothing                                    309ms
  ok    a raw pointer owns nothing, so handing one back makes no claim about who frees it                               308ms
  ok    the 'drop' the block itself declares never trips the rule                                                       308ms
  ok    a type this compilation made real and gave a destructor is released through its 'drop'                          308ms
  ok    a program with no destructor records none                                                                       305ms
  ok    an assertion that does not hold names the values it compared                                                    2ms
  ok    and says only that where nothing was written to explain it                                                      1ms
  ok    an assertion that holds says nothing                                                                            1ms
  ok    a condition that is not one is refused for what it is instead                                                   2ms
  ok    and one that cannot be settled while compiling is refused for that                                              1ms
  ok    an assertion inside a generic body is settled at each instantiation, and names the bindings                     2ms
  ok    and one waiting on a measurement of a type parameter is not a mistake at the declaration                        1ms
  ok    a measurement is a 'usize' whatever position it stands in                                                       1ms
  ok    and an instantiation's body is named as the declaration a reader wrote                                          2ms
  ok    a processor with no interrupt form says so in its own terms                                                     1ms
  ok    and each of them says something true of its own machine                                                         2ms
  ok    an x86-64 handler taking the frame the processor pushed is what the ABI wants                                   1ms
  ok    one taking nothing is told what to write instead                                                                2ms
  ok    and one taking something else is told what the shape is for                                                     1ms
  ok    a RISC-V handler is entered with no arguments at all                                                            2ms
  ok    a handler yields nothing, since there is nowhere for a value to go                                              1ms
  ok    and it cannot be generic, there being no way to say which instantiation the vector holds                        1ms
  ok    a privilege mode is RISC-V's alone, and only three of them are modes                                            2ms
  ok    and a machine with none to name is told to write the convention alone                                           1ms
  ok    a symbol C could not spell is refused as one                                                                    1ms
  ok    and a declaration whose own name C could not spell is told to name the symbol                                   2ms
  ok    'private' and an export are opposite promises about who may call                                                1ms
  ok    an exported symbol is one function at one signature, so it cannot be generic                                    1ms
  ok    a '@ghost' declaration is erased, so there is nothing to link against                                           2ms
  ok    and a '@test' is not in the artifact a C project links                                                          1ms
  ok    a variadic definition's tail is promoted by a prototype this declaration never saw                              1ms
  ok    C has no overloading, so two exports of one name would be one symbol twice                                      2ms
  ok    an export C can call and name says nothing                                                                      1ms
  ok    a type's name in a header is a C identifier too                                                                 1ms
  ok    a private struct appears in no signature a header carries                                                       1ms
  ok    and a header names one type at one shape, so a generic struct has no one name to give                           2ms
  ok    a struct named for a header under a name C can declare says nothing                                             1ms
  ok    'main' is called by the platform, which has no type arguments to give it                                        1ms
  ok    a 'main' yields nothing or a 'Result[unit, E]', and an exit status is not a signature's to say                  2ms
  ok    a 'main' is called with the arguments the platform has, not a list it reads                                     1ms
  ok    and it takes either nothing or the one '[]string' the platform can fill                                         1ms
  ok    a 'main' taking nothing says nothing                                                                            1ms
  ok    a clause naming nothing is refused with the set there is                                                        2ms
  ok    a 'requires' names a facility, so the conduct's word is refused with the facility's                             1ms
  ok    and a narrowing names the conduct, so the facility's word is refused with the conduct's                         1ms
  ok    one capability said twice means the author believed two clauses were doing different work                       1ms
  ok    and a module cannot do without something it cannot be built without                                             1ms
  ok    a clause that names a capability once says nothing                                                              2ms
  ok    a reference is made on the heap, so an allocator-free module may not make one                                   459ms
  ok    and neither a slice with storage of its own, nor the string a value renders as                                  772ms
  ok    an empty slice is the zero value of its own representation, so it reaches no allocator                          303ms
  ok    a call that arrives somewhere that allocates is reported at the call                                            304ms
  ok    a module that gave nothing up may allocate as it likes                                                          312ms
  ok    a field holding a callable is called through the selection that reads it                                        305ms
  ok    and one reached through a reference is the same call, the shorthand walking one level                           304ms
  ok    a field that is not callable is still not a method                                                              461ms
  ok    an 'impl' block makes its module depend on the standard one                                                     468ms
  ok    the root module depends like any other, and nothing depends on it                                               306ms
  ok    a '@needs' naming nothing is refused with the set there is                                                      2ms
  ok    and one naming the conduct is refused with the facility                                                         1ms
  ok    a reference to something the module gave up is reported at the reference                                        2ms
  ok    and so is one that arrives there through something else, reported at the nearest reference                      1ms
  ok    giving up 'os' gives up 'posix' with it, since posix needs os                                                   2ms
  ok    a module that gave nothing up may reach whatever it likes                                                       1ms
  ok    a '*self' method of a struct inside one that states an invariant may not hand its storage out                   2ms
  ok    and a 'ref' is a second name for the same storage, so taking its address is the same leak                       1ms
  ok    a local passed the pointer along carries it, which is why the tracking is a fixpoint                            2ms
  ok    storing it somewhere the call does not own is the same escape, said its own way                                 1ms
  ok    handing back a copy of the value is what the rule asks for, so it says nothing                                  2ms
  ok    and a struct nothing places inside one with an invariant is not held to the rule at all                         1ms
  ok    writing through storage the call was handed rather than made is an effect                                       2ms
  ok    and so is reading module storage that may change under the call                                                 1ms
  ok    a call to anything that has not made the same promise is one too                                                2ms
  ok    an 'extern' says nothing about what it does, so a pure function may not call one                                1ms
  ok    and neither may it dispatch through a trait object, which settles its body while running                        461ms
  ok    a pure function may write its own storage, however deep the path into it                                        2ms
  ok    a declaration a '@tests' file wrote is not there in any build but a test run                                    2ms
  ok    and another such file may name it, which is what the scaffolding is for                                         1ms
  ok    a pointer into a struct whose invariant reads the field names no such struct, and is refused                    305ms
  ok    and one into a field no clause mentions is left alone                                                           304ms
  ok    a writable view of storage a clause reads is the same alias written longer                                      305ms
  ok    and a read-only one carries no promise it could break                                                           306ms
  ok    '&' of a field inside a '@packed' struct promises an alignment the offset need not have                         305ms
  ok    and the same field read or written through the struct is where the offset is known                              304ms
  ok    a struct holding a register carries no invariant, since a check reads every field                               305ms
  ok    and the same struct without the clause is an ordinary block of registers                                        305ms
  ok    an invariant may only read storage the struct owns, so a read through a pointer is refused                      308ms
  ok    and an element of a view is somebody else's storage by the same rule                                            305ms
  ok    while an element of an array the struct owns is the struct's own storage                                        304ms
  ok    a generic struct's clause is written once and every instantiation would need its own                            305ms
  ok    a frame names module storage, and a name that reaches none of it is refused                                     304ms
  ok    and a frame that could not be read holds its function to nothing more                                           306ms
  ok    a body reading storage neither its '@reads' nor its '@writes' names is refused                                  302ms
  ok    and a write needs the '@writes', which the '@reads' does not stand in for                                       303ms
  ok    while what a function writes it may read, since 'count += 1' is one variable and one name                       304ms
  ok    a place locating a write is read, so an index into named storage needs its own name                             306ms
  ok    and naming it is what the frame is for                                                                          306ms
  ok    a clause runs on every call, so what it reads is inside the frame or outside the promise                        303ms
  ok    and a loop's invariant is a clause of the body by the same rule                                                 304ms
  ok    an annotated caller may not reach through a callee what its own frame does not cover                            304ms
  ok    and the same holds of what the callee merely reads                                                              304ms
  ok    an annotated function may call only annotated or '@pure' ones                                                   305ms
  ok    and a '@pure' one is inside every frame there is, so it passes with nothing to compare                          308ms
  ok    an 'extern' says nothing about what it touches, so a frame may not reach one                                    304ms
  ok    nor a closure, which names no declaration whose frame could be checked                                          305ms
  ok    nor an 'asm' block, which is outside anything a frame could describe                                            303ms
  ok    a property of the type is read through the type, and reading one off a value says which                         303ms
  ok    while a property of a value is read off one, which is what the receiver is for                                  305ms
  ok    a static property is read through the type, with no parentheses                                                 304ms
  ok    and a bound carries one, which is what a fact about a type parameter arrives through                            305ms
  ok    an instance property read through the type is told where it is reached from                                     304ms
  ok    and so is a method, which is called on a value rather than on the type                                          303ms
  ok    a name the type does not have names the member rather than the type                                             304ms
  ok    a trait's name is the same shape of mistake one type over                                                       303ms
  ok    'with' copies a struct and changes the fields the braces name                                                   303ms
  ok    a base that is a counted reference is refused, since the writes would reach every holder                        304ms
  ok    and a base that is not a struct at all is told so                                                               304ms
  ok    a field changed twice is refused, since the first change is one the value cannot carry                          304ms

/Users/ed/dev/sysl-lang/sysl-emit-d1/sh/sysl/compiler/tests_conditional.sysl
  ok    a branch whose condition holds is kept, and the alternative is not                                              2ms
  ok    a group with no alternative contributes nothing where it does not hold                                          2ms
  ok    a line outside every group is seen by every target                                                              1ms
  ok    an '#elif' is not taken when the '#if' above it was                                                             1ms
  ok    and is taken when the '#if' above it was not                                                                    1ms
  ok    a second '#elif' is reached only when neither before it was taken                                               1ms
  ok    an '#else' is not taken when any branch above it was                                                            1ms
  ok    and is taken when none was                                                                                      2ms
  ok    a group inside a branch that was taken is read normally                                                         1ms
  ok    a group inside a branch that was NOT taken selects nothing, however its own condition reads                     1ms
  ok    an '#else' inside an untaken branch does not reopen it                                                          1ms
  ok    the groups close innermost first                                                                                1ms
  ok    groups nest as deeply as they are written                                                                       1ms
  ok    '!' inverts                                                                                                     2ms
  ok    '&&' needs both                                                                                                 1ms
  ok    '||' needs either                                                                                               1ms
  ok    '&&' binds tighter than '||'                                                                                    1ms
  ok    parentheses regroup                                                                                             1ms
  ok    '!' applies to a parenthesized condition rather than to its first symbol                                        2ms
  ok    '!' stacks                                                                                                      1ms
  ok    every target defines exactly one operating system and one processor                                             1ms
  ok    nothing a target defines is outside the closed set                                                              1ms
  ok    'hosted' is exactly the targets with an operating system under them                                             1ms
  ok    'posix' is exactly macOS, Linux and Android                                                                     1ms
  ok    'android' and 'linux' are different symbols, and no target defines both                                         1ms
  ok    'bsd' is exactly the BSD libcs, and is narrower than 'posix'                                                    2ms
  ok    a new operating system reaches the directory vocabulary and the '#if' one alike                                 1ms
  ok    every symbol is true of at least one target in the registry                                                     1ms
  ok    the target's own name is not a symbol, and writing one says so                                                  1ms
  ok    a diagnostic below a gated-out group points at the line it was written on                                       1ms
  ok    and one inside a kept group does too                                                                            1ms
  ok    a file keeps exactly as many lines as it had                                                                    1ms
  ok    a symbol nothing knows, with the ones there are named                                                           1ms
  ok    and one in a branch this build is NOT taking, since every condition is read                                     1ms
  ok    and one inside a group that was itself skipped                                                                  2ms
  ok    an '#if' that is never closed, reported at the '#if'                                                            1ms
  ok    and the outermost unclosed '#if' is the one named                                                               1ms
  ok    an '#endif' with nothing to close                                                                               1ms
  ok    an '#else' with nothing to be an alternative to                                                                 1ms
  ok    an '#elif' with nothing to be an alternative to                                                                 1ms
  ok    a second '#else' in one group, with the first one's line                                                        1ms
  ok    an '#elif' after the '#else' it would follow                                                                    1ms
  ok    an '#if' with no condition at all                                                                               2ms
  ok    an '#elif' with no condition at all                                                                             1ms
  ok    a '!' with nothing to invert                                                                                    1ms
  ok    an operator where a symbol belongs                                                                              1ms
  ok    a '(' that is never closed                                                                                      1ms
  ok    and one wanting its ')' before what is written                                                                  1ms
  ok    a ')' the condition did not open                                                                                1ms
  ok    two symbols with no operator between them                                                                       1ms
  ok    a character a condition has no reading for                                                                      1ms
  ok    a number where a symbol belongs                                                                                 1ms
  ok    something written after an '#else'                                                                              1ms
  ok    something written after an '#endif'                                                                             1ms
  ok    '#ifdef' is named rather than left to the parser                                                                1ms
  ok    '#ifndef' is told what to write instead                                                                         1ms
  ok    '#elseif' is told the spelling sysl uses                                                                        2ms
  ok    '#define' says the vocabulary is fixed by the target                                                            1ms
  ok    and so does '#undef'                                                                                            1ms
  ok    an indented '#if' is not one                                                                                    1ms
  ok    a declaration's '@test' attribute at the margin is untouched                                                    1ms
  ok    a word that carries on past the directive is left alone                                                         1ms
  ok    a file with no directives comes back unchanged                                                                  1ms
  ok    and is unaffected on every target in the registry                                                               1ms
  ok    a '//' comment on a directive line says which group closed                                                      1ms
  ok    and one on an '#if' line does not become part of the condition                                                  1ms
  ok    whitespace around a condition is ignored                                                                        1ms
  ok    a group may be empty                                                                                            2ms
  ok    a group at the very end of a file, with no trailing newline                                                     1ms
  ok    an empty file gates to an empty file                                                                            1ms
  ok    a file of nothing but directives                                                                                1ms
  ok    CRLF line endings survive on the lines that are kept                                                            1ms
  ok    a struct's fields may differ between targets                                                                    1ms
  ok    an 'extern' may differ between targets                                                                          1ms
  ok    a gated import is an import the other target does not have                                                      1ms
  ok    a gated '@test' is a test the other target does not run                                                         2ms
  ok    an inactive branch may not parse                                                                                1ms
  ok    and may not even lex                                                                                            1ms
  ok    but a directive inside it is still read, because the group has to be closed                                     1ms
  ok    a line at the margin inside a text block reads as a directive                                                   1ms
  ok    a literate file is tangled first and gated after, so a directive four columns in is one                         1ms
  ok    and a mistake in one of its conditions is reported at the column the reader wrote it at                         1ms
  ok    the page's gated implementation reads on every machine it names                                                 1ms
  ok    and its '#elif' chain answers one machine at a time                                                             1ms
  ok    and the line the reader is told about is the line they wrote on                                                 2ms
  ok    and the refusal it quotes for a symbol nothing knows is the one that comes out                                  1ms
  ok    and the one it quotes for a target's name                                                                       1ms
  ok    and the one it quotes for a misspelling in a branch nothing is taking                                           1ms

/Users/ed/dev/sysl-lang/sysl-emit-d1/sh/sysl/compiler/tests_corpus.sysl
  ok    every file of this compiler's own source parses, with nothing to report                                         368ms
  ok    and every file of the reference compiler's library, where that library is on this machine                       148ms
  ok    and the parsing package this compiler is built on, which is sysl written by hand as well                        29ms

/Users/ed/dev/sysl-lang/sysl-emit-d1/sh/sysl/compiler/tests_corpus_decls.sysl
  ok    every declaration of every file on this machine that belongs to a sysl project is read, with nothing to report  643ms

/Users/ed/dev/sysl-lang/sysl-emit-d1/sh/sysl/compiler/tests_decls.sysl
  ok    a program whose declarations are all sound says nothing                                                         2ms
  ok    a type declared twice is refused at the second one                                                              2ms
  ok    and so is one that takes a name the language answers for itself                                                 1ms
  ok    a name of the compiler's own shape is refused wherever a declaration takes it                                   1ms
  ok    and the name it suggests instead is the middle of the one that was written                                      2ms
  ok    a function declared twice with the same parameters is refused                                                   1ms
  ok    and the sentence is finished where the two differ only in the result                                            1ms
  ok    but two that a call can tell apart are an overload set, not a mistake                                           1ms
  ok    a name may not be both storage and something else                                                               2ms
  ok    a field, a variant and a parameter may repeat a name the declaration already used                               1ms
  ok    a type nothing declares is unknown, and it is the name that is quoted                                           1ms
  ok    a generic is held to its arity, and the count is quoted both ways                                               1ms
  ok    and a type that takes none is told so                                                                           2ms
  ok    an alias that leads back to itself is refused where it is declared                                              1ms
  ok    but a chain that ends somewhere is followed                                                                     1ms
  ok    a width family name is the family's, so a bad width is a diagnostic and not an unknown type                     2ms
  ok    and a name that only looks like one is an ordinary name                                                         1ms
  ok    an import of a module this compilation has no files for is refused                                              1ms
  ok    and a selector naming something the module does not declare says which name it is                               1ms
  ok    a name another file made private is not one this file may reach                                                 2ms
  ok    and its own file may                                                                                            1ms
  ok    a public declaration may not name a type the reader cannot reach                                                1ms
  ok    a struct that mentions itself is built, and its field is a pointer to the record that was registered            2ms
  ok    a generic is built once per set of arguments, and the same arguments give the same type                         1ms
  ok    an enum with nothing carried is simple, and one that carries something is not                                   1ms
  ok    a module's declarations are keyed by the module and the name                                                    2ms

/Users/ed/dev/sysl-lang/sysl-emit-d1/sh/sysl/compiler/tests_diag.sysl
  ok    a report shows the first five, separated by a blank line, and says how many there were                          1ms
  ok    and says nothing about a count where there was nothing left out                                                 1ms
  ok    a diagnostic points at its file, its line and its column, and quotes the line under a caret                     1ms
  ok    the order a report is read in is by file, then by line, then by column                                          1ms
  ok    and two about one place keep the order they were made in, which reads as an explanation                         1ms
  ok    a warning is not an error, and a report of warnings alone is a successful run                                   1ms
  ok    a note is the place first, in the one line a build log wants                                                    1ms
  ok    the same thing said twice about one place is said once                                                          1ms
  ok    and what a trial said is put back when the trial is thrown away                                                 1ms
  ok    a journal remembers nothing until a trial is open                                                               1ms
  ok    and a trial's writes are put back, most recent first                                                            1ms
  ok    a trial inside a trial is put back to where the inner one began                                                 2ms
  ok    and the log is emptied when the outermost trial closes, since nothing outside one goes back                     1ms

/Users/ed/dev/sysl-lang/sysl-emit-d1/sh/sysl/compiler/tests_driver.sysl
  ok    a module is a directory, so a header and a location are two statements of one fact                              1ms
  ok    and a file that sits in a directory and declares nothing is the same mistake the other way                      1ms
  ok    a file whose header agrees with where it sits has nothing to answer for                                         1ms
  ok    the module a file contributes to is what its header says, or the anonymous root module                          1ms
  ok    a compilation reads the library, the packages and the program, and knows which is which                         147ms
  ok    a program's own '@tests' file is one of its files, marked rather than dropped                                   147ms
  ok    a directory holding no sysl is not a program, and says so before anything is parsed                             2ms
  ok    what a package cannot be built without stops the build before a line of it is read                              1ms
  ok    a dependency nobody brought down is a refusal naming where it should have been                                  149ms
  ok    a manifest naming a machine this compiler has no entry for is refused as itself                                 2ms
  ok    a project asking for a compiler newer than this one is refused, naming both versions                            2ms
  ok    the declaration tables of a program hold the program's rows and not the library's                               173ms
  ok    the typed tree of a whole program holds the library's own bodies as well as the program's                       312ms
  ok    a tree is walked from an absolute root, so every file is named from the root of the filesystem                  2ms
  ok    and naming a single file keeps the path the reader wrote                                                        1ms
  ok    a '.' and a '..' are resolved away and no symlink is followed                                                   1ms
  ok    a compilation holds its '@tests' files, and marks what they declare                                             310ms
  ok    a program carries its entry point, and the arguments the platform fills                                         321ms
  ok    and the tests it declared, each with the hooks its own module wrote                                             309ms
  ok    two files that each keep a helper of one spelling to themselves get a key each                                  308ms

/Users/ed/dev/sysl-lang/sysl-emit-d1/sh/sysl/compiler/tests_emit.sysl
  ok    a parameter is copied into a slot of its own at entry, and the body reads the slot                              3ms
  ok    a zero-sized parameter takes no slot and is not in the signature                                                2ms
  ok    a file-private function is emitted under internal linkage                                                       1ms
  ok    integer division traps on a zero divisor and on the one overflow a signed quotient has                          2ms
  ok    a shift is clamped so that every amount means something                                                         1ms
  ok    '&&' does not evaluate its right operand unless it must                                                         2ms
  ok    an element is reached through a bounds check the index is widened for                                           1ms
  ok    a field is lifted out of the receiver's value where the receiver is one                                         2ms
  ok    a counted loop tests, steps and goes round, and its counter is a slot                                           1ms
  ok    a match on a simple enum compares tags and each arm stores into one slot                                        2ms
  ok    a self-call in tail position is a jump back to the entry rather than a second frame                             1ms
  ok    a body this compiler does not lower yet is left out, and says what it reached                                   2ms
  ok    '@tailrec' on a function that calls itself nowhere the jump can replace is refused                              2ms
  ok    '@tailrec' on a function with an 'ensures' is refused, since a tail call never returns                          1ms
  ok    a 'become' whose callee has another shape is refused                                                            2ms
  ok    a 'become' out of a frame holding a counted value is refused                                                    1ms
  ok    two exports claiming one symbol are refused, and both are named                                                 1ms
  ok    an exported function taking something C cannot spell is refused, with the shape to write                        2ms
  ok    a sound program earns none of these refusals                                                                    1ms
  ok    a function nothing can reach is not emitted at all                                                              2ms

/Users/ed/dev/sysl-lang/sysl-emit-d1/sh/sysl/compiler/tests_emit_str.sysl
  ok    a string literal is the owner nothing frees, the bytes, and how many there are                                  309ms
  ok    concatenation allocates a buffer, copies both halves in, and owns what comes back                               310ms
  ok    a compound assignment on a string is the same join, stored back over what was there                             312ms
  ok    equality on strings is one call and an icmp against its answer                                                  314ms
  ok    an ordering comparison reads the same -1 / 0 / 1 a subtraction would                                            315ms
  ok    str of an integer widens to 64 bits and renders through one shared function                                     309ms
  ok    str of an integer wider than 64 bits renders at that width rather than a clamped one                            313ms
  ok    str of a bool selects between two constants and allocates nothing                                               311ms
  ok    str of a char lays the codepoint down and copies the bytes out                                                  310ms
  ok    str of a float goes out through snprintf, which is what print uses too                                          311ms
  ok    format with an unsigned conversion widens as unsigned and prints through a %ll form                             308ms
  ok    format of a string hands C a terminated copy so width and justification are C's                                 309ms
  ok    format of a float widens to double and hands the specifier straight over                                        310ms
  ok    a []u8 read as a string copies the bytes, since a string that could change was never validated                  311ms
  ok    a substring is bounds-checked and then checked to start and end between characters                              308ms
  ok    reading a string's bytes is nothing at all: the guarantee given up is the analyzer's business                   313ms
  ok    a view of storage this frame holds counts against nothing, and the count call is still made                     313ms
  ok    a view of a view keeps the owner and narrows the pointer and the length                                         312ms
  ok    an inclusive high end is checked to be inside before one is added to it                                         313ms
  ok    a call on a trait object reads its table, loads the slot, and puts the data word in front                       314ms
  ok    a slot whose implementation wants its receiver by value gets an adapter that loads it                           315ms
  ok    str of a type with a Display writes into a growable buffer and finishes with its bytes                          312ms
  ok    on failure a '?' returns at once with the error re-wrapped in this function's own result                        317ms
  ok    where the two error types differ a '?' calls the conversion and retains nothing after it                        318ms
  ok    a '?' on an Option returns None at once rather than a re-wrapped payload                                        314ms
  ok    a write that could break a struct's invariant re-reads the struct and traps on false                            314ms
  ok    a destructor is a root: nothing in the program names it, and the release hook calls it                          315ms
  ok    a '?' across two error types with no conversion names the block that would join them                            310ms
  ok    printing a type with no 'Display' names the block to write                                                      308ms
  ok    a generic type's advice names the block's own parameters, not this value's arguments                            307ms
  ok    making a string of a type with no 'Display' names the same block                                                305ms
  ok    an object whose trait does not require 'Display' names the trait clause to widen                                309ms

/Users/ed/dev/sysl-lang/sysl-emit-d1/sh/sysl/compiler/tests_export.sysl
  ok    a small aggregate crosses to C in the register the convention names, both ways                                  3ms
  ok    an aggregate too big for registers goes through storage in both directions                                      2ms
  ok    a narrow scalar carries the convention's extension at the call and on the result                                1ms
  ok    a floating aggregate is coerced going out and read straight back coming in                                      2ms
  ok    an exported function of scalars is a thunk that calls the definition and returns                                1ms
  ok    an exported function taking an aggregate reassembles it before calling the definition                           2ms
  ok    an exported function returning through storage hands C's slot straight to the definition                        2ms
  ok    an exported function of a floating aggregate coerces its parameter and its result                               1ms
  ok    an exported function with no result is the call and the return                                                  2ms
  ok    a definition whose name an export claimed is emitted under a key of the compiler's                              1ms
  ok    an exported function nothing calls survives the walk, root module and all                                       2ms
  ok    a type and a function claiming one C name are refused, since a header has one namespace                         1ms
  ok    two structs claiming one C name are refused                                                                     2ms
  ok    a function's symbol landing on a struct's derived C name is the same mistake                                    1ms
  ok    a named type no exported signature reaches claims nothing                                                       2ms

/Users/ed/dev/sysl-lang/sysl-emit-d1/sh/sysl/compiler/tests_expr.sysl
  ok    an integer literal is an int, and its suffix says otherwise                                                     1ms
  ok    and the type its context asks for is the one it takes                                                           2ms
  ok    a float literal is a real, and never comes out of an integer one                                                1ms
  ok    the leaves that have exactly one type                                                                           2ms
  ok    'null' takes the pointer its context expects, and refuses to guess one                                          1ms
  ok    a minus and the literal it precedes are one unit                                                                1ms
  ok    a parameter is read at the type it was declared with                                                            2ms
  ok    arithmetic answers the type its operands share                                                                  1ms
  ok    a shift's count is a count, so its width has nothing to do with the value's                                     2ms
  ok    two pointers subtract to a count of elements                                                                    1ms
  ok    a comparison and the two logical operators are bool                                                             2ms
  ok    unary minus and complement keep their operand's type                                                            1ms
  ok    an array literal decides its own length, and a view does not have one                                           1ms
  ok    a repeat is an array under an array and storage under a view                                                    2ms
  ok    a subscript answers the element, and a range answers a view                                                     1ms
  ok    the members the compiler supplies for the types it knows the shape of                                           2ms
  ok    a struct's field is read by the name its declaration gave it                                                    2ms
  ok    a tuple's parts are named for their positions                                                                   2ms
  ok    an address is a raw pointer, and reading through one gives the value                                            1ms
  ok    a call answers what the declaration hands back                                                                  2ms
  ok    a default is spliced in where the argument was not written                                                      1ms
  ok    a named argument fills the parameter it names, wherever it is written                                           2ms
  ok    a conversion is a call, and every pair that has a meaning is listed                                             1ms
  ok    a struct's name in call position is its positional constructor                                                  2ms
  ok    a variant is named on its own where the position says which enum                                                1ms
  ok    a simple enum is read out of an integer, checked                                                                2ms
  ok    a constant is folded into its use, at the type it was declared with                                             1ms
  ok    a 'val' is storage, so the name reaches the storage itself                                                      2ms
  ok    a layout is a compile-time constant, and so is a field's offset                                                 1ms
  ok    the built-ins the compiler answers for itself                                                                   2ms
  ok    a reference the position asked for is the ordinary construction, boxed                                          1ms
  ok    a view of an array is what the position asks for, written out or not                                            2ms
  ok    a writable view stands where a read-only one was asked for                                                      1ms
  ok    a scalar where a vector was asked for is one value in every lane                                                1ms
  ok    a vector's lane is read by a constant, and its length is one                                                    2ms
  ok    a variant is named through its own enum where the bare name would settle nothing                                1ms
  ok    and a generic enum's variant takes the arguments the values it carries determine                                1ms
  ok    and the position still wins where it says which enum is meant                                                   2ms
  ok    a constant shift, a division and a remainder fold, and a use of a const is its value                            1ms
  ok    and a right shift rounds down where a division would round toward zero                                          2ms
  ok    a shift by more places than any type is wide does not fold                                                      1ms
  ok    a payload-free variant of a generic enum takes its type from its neighbour                                      1ms

/Users/ed/dev/sysl-lang/sysl-emit-d1/sh/sysl/compiler/tests_expr_diag.sysl
  ok    a body whose expression is sound says nothing                                                                   2ms
  ok    a literal too large for the type it landed in is told the number and the type                                   1ms
  ok    an operator's operands have to agree, and the caret is under the second                                         2ms
  ok    an operator that a type does not have is named with the type                                                    1ms
  ok    a shift's count is a count, and has to be a number of places                                                    1ms
  ok    unary minus has no meaning on an unsigned type, and the message says which                                      2ms
  ok    two values that cannot be compared are named, both of them                                                      1ms
  ok    'null' takes its type from its context, and refuses to guess one                                                1ms
  ok    a name that stands for nothing is named back                                                                    2ms
  ok    a call with the wrong number of arguments is told how many the declaration takes                                1ms
  ok    an argument of the wrong type names the parameter it was written for                                            1ms
  ok    a named argument that names no parameter is told which names there are                                          2ms
  ok    a struct built with the wrong number of values is told how many fields it has                                   1ms
  ok    and so is a variant                                                                                             1ms
  ok    a conversion that has no meaning names both types                                                               2ms
  ok    an array literal needs one element type                                                                         1ms
  ok    an array's bound is a constant, since it is the array's bound                                                   1ms
  ok    an index has to be an integer, and a receiver has to have elements                                              2ms
  ok    a dereference needs a pointer                                                                                   1ms
  ok    a condition has to be a bool                                                                                    1ms
  ok    a lane index is part of the instruction that reads it                                                           2ms
  ok    a vector's width is part of its type, so a literal has to fill it                                               1ms
  ok    a read-only view does not become a writable one                                                                 1ms

/Users/ed/dev/sysl-lang/sysl-emit-d1/sh/sysl/compiler/tests_generic.sysl
  ok    a call's arguments say what a type parameter is, and the instantiation is named for them                        2ms
  ok    and one call makes one instantiation, however many times it is written                                          1ms
  ok    the type a position expects settles what the arguments do not                                                   2ms
  ok    a bare literal is the weakest thing in the room, so an argument that knows wins                                 1ms
  ok    an array is matched against a slice parameter, because the call coerces one                                     1ms
  ok    a length is a value a parameter may stand for, read off the argument's own type                                 2ms
  ok    a vector's lane count binds one the same way, which is what lets one kernel serve every width                   1ms
  ok    a generic type's argument is read through the type it was written on                                            2ms
  ok    a parameter nothing in the call reaches is refused where it is written                                          1ms
  ok    a member of a generic type is made real from the receiver's own arguments                                       2ms
  ok    a type parameter carries what its bound promised, and the call is checked against the trait                     1ms
  ok    and the instantiation resolves the same call against the implementation                                         2ms
  ok    a type argument written out settles the instantiation, and nothing else is consulted                            2ms
  ok    and a value parameter is written the same way                                                                   1ms

/Users/ed/dev/sysl-lang/sysl-emit-d1/sh/sysl/compiler/tests_hocon.sysl
  ok    a key and a quoted value                                                                                        1ms
  ok    a colon says what an equals says, since both are how the notation spells a binding                              1ms
  ok    a block is written with or without the equals, and either way it nests                                          1ms
  ok    entries are separated by a newline or a comma, and either may be doubled                                        1ms
  ok    both comment spellings run to the end of their line                                                             1ms
  ok    'true' and 'false' are flags rather than words, which is what a requires block reads                            1ms
  ok    a quoted key holds what a bare one may not                                                                      2ms
  ok    the names a block wrote, in the order it wrote them                                                             1ms
  ok    a list is read past rather than read, since nothing a build asks about is one                                   1ms
  ok    a block opened and never closed is one line rather than a tree that half exists                                 1ms
  ok    and so is a brace that closes nothing                                                                           1ms
  ok    a quoted string opened and never closed says so rather than running to the end                                  1ms
  ok    a key followed by neither an equals nor a block names nothing                                                   1ms
  ok    a name a block does not hold answers with nothing, and asking a value for a key answers so too                  1ms

/Users/ed/dev/sysl-lang/sysl-emit-d1/sh/sysl/compiler/tests_ir.sysl
  ok    an integer, a float and a pointer render as LLVM spells them                                                    1ms
  ok    an array and a vector differ by one bracket pair, which is the whole of the distinction                         1ms
  ok    an anonymous aggregate keeps its interior spaces, and an empty one has none                                     1ms
  ok    a named type keeps its sigil and is made safe behind it                                                         1ms
  ok    an intrinsic's overload suffix is not the rendered type with the spaces taken out                               1ms
  ok    an ordinary name reaches LLVM with the spelling it was given                                                    1ms
  ok    a character LLVM refuses is written as its codepoint, and a wide one takes six digits                           1ms
  ok    escaping is idempotent, so applying it where a name becomes text is safe                                        1ms
  ok    a leading sigil survives, and it is the only character that does                                                1ms
  ok    hex is padded to the width asked for and no further                                                             1ms
  ok    a register and a symbol carry their sigil, which is not part of the name                                        1ms
  ok    a constant renders as itself, and a float as the bit pattern of the double it is                                2ms
  ok    the placeholders each have their own word                                                                       1ms
  ok    an aggregate constant writes a type beside every member                                                         1ms
  ok    a splat and an address made from a constant are each written as a constant expression                           1ms
  ok    a run of bytes escapes what LLVM's own escape covers and nothing else                                           1ms
  ok    only a register and a symbol are settled at run time                                                            1ms
  ok    an attribute names the type it is about where it has one                                                        1ms
  ok    a run of attributes is one run of words                                                                         1ms
  ok    a linkage puts its word and the space that separates it in front of the line                                    1ms
  ok    a declaration says the type and nothing a body would have added                                                 1ms
  ok    a variadic list with no fixed parameters is the ellipsis alone                                                  1ms
  ok    a definition line carries the convention, the string attributes and the section, in order                       1ms
  ok    a return attribute stands in front of the result type wherever the result is written                            1ms
  ok    a signature answers the symbol a call reaches it by                                                             1ms
  ok    an argument writes its attributes between its type and its value                                                1ms
  ok    each arithmetic and bitwise operation has LLVM's own mnemonic                                                   2ms
  ok    each conversion has its own, and four of them are not the name lowercased                                       1ms
  ok    a comparison says whether its operands are signed, and a float one what a NaN answers                           1ms
  ok    three of the five orderings are spelled LLVM's way rather than the language's                                   1ms
  ok    the attempt that did not take publishes nothing, so its ordering may not be a release                           1ms
  ok    the read-modify-write operations have the same mnemonics the plain ones do                                      1ms
  ok    arithmetic names its type once and both operands after it                                                       1ms
  ok    a comparison writes its predicate between the mnemonic and the type                                             1ms
  ok    a conversion names both types, with the value between them                                                      1ms
  ok    storage and the accesses through it, with the alignment where one was stated                                    1ms
  ok    a volatile access says so, and an atomic one says how strongly it is ordered                                    2ms
  ok    reaching into an aggregate: by address, and by value in either direction                                        1ms
  ok    a select names the condition's type as well as the result's                                                     1ms
  ok    the lane instructions each name the vector's type and the lane's separately                                     1ms
  ok    a call names the result type, or the whole function type where the callee is variadic                           1ms
  ok    a tail call and a relaxed one each say so in front of the mnemonic they qualify                                 1ms
  ok    inline assembly is a call whose callee is the text and its constraints                                          1ms
  ok    the atomics name the pointer's type nowhere, because a pointer no longer has one                                1ms
  ok    a variadic cursor is read through the list it advances                                                          1ms
  ok    the terminators, and which instructions are ones                                                                1ms
  ok    a switch writes its arms between brackets, separated by one space                                               1ms
  ok    a type definition renders exactly as the reference compiler writes one                                          1ms
  ok    a global renders exactly as the reference compiler writes one                                                   1ms
  ok    storage the linker supplies is a declaration and carries no initializer                                         1ms
  ok    a section and an alignment are written after the initializer, in that order                                     2ms
  ok    a whole function renders byte for byte as the reference compiler wrote it                                       1ms
  ok    a function of several blocks writes each label at the margin and its body indented                              1ms
  ok    a module with nothing in it is its triple, and the blank line the declarations always leave                     1ms
  ok    a section with nothing in it contributes no blank line, and the declarations one either way                     1ms
  ok    the entry point, the initializer and the used list each close the module in their own way                       1ms
  ok    a runtime function written by hand is carried as its text and one generated as a function                       1ms

/Users/ed/dev/sysl-lang/sysl-emit-d1/sh/sysl/compiler/tests_layout.sysl
  ok    a scalar is its own width, aligned to it                                                                        1ms
  ok    an odd width costs what LLVM makes it cost, not its bit count over eight                                        1ms
  ok    an address is one word, and a view of one is three                                                              1ms
  ok    and an address to a trait is two, since it carries its table                                                    1ms
  ok    a zero-sized type occupies nothing                                                                              1ms
  ok    a struct pads each field onto its own alignment                                                                 1ms
  ok    and carries the padding at its end that an array of it needs                                                    1ms
  ok    a field that occupies nothing changes neither                                                                   1ms
  ok    an array is its elements end to end                                                                             1ms
  ok    a constrained subtype is laid out as the type it constrains                                                     1ms
  ok    a 32-bit target makes an address, and everything measured in addresses, half the width                          1ms
  ok    and leaves every scalar, and every rule about packing, exactly where it was                                     1ms
  ok    and puts a pointer field on a four-byte boundary, which changes the struct around it                            1ms
  ok    an enum with no payload is laid out as the integer it is stored in                                              1ms
  ok    and one that carries something is a tag beside a region wide enough for the widest variant                      2ms
  ok    a value bigger than the direct limit is handed over by address                                                  1ms
  ok    a field's offset is where the padding before it leaves it                                                       1ms

/Users/ed/dev/sysl-lang/sysl-emit-d1/sh/sysl/compiler/tests_lex.sysl
  ok    an identifier is a letter or an underscore and then letters, digits and underscores                             1ms
  ok    a letter is whatever Unicode calls one, so a name may be written in any script                                  1ms
  ok    a digit is Unicode's too, but only inside a name                                                                1ms
  ok    nothing is normalized, so a name is the spelling that was written                                               1ms
  ok    a combining mark may not continue a name, being neither a letter nor a digit                                    1ms
  ok    a letter above the Basic Multilingual Plane is refused                                                          1ms
  ok    an operator-shaped character is not a letter and never was                                                      1ms
  ok    case is significant                                                                                             1ms
  ok    a reserved identifier is an ordinary identifier here, being a predeclared name                                  1ms
  ok    a reserved word tokenizes as a keyword                                                                          1ms
  ok    all forty of them, and nothing else                                                                             1ms
  ok    a type name is an ordinary identifier, which is what keeps the iN family open                                   1ms
  ok    a contextual word is an ordinary identifier, so a variable may be called 'where'                                1ms
  ok    alloc, no and requires are not reserved, though they read like keywords                                         1ms
  ok    operators tokenize by longest match                                                                             2ms
  ok    ..< wins over .. and ... over ..                                                                                1ms
  ok    the wildcard import's tail is one token                                                                         1ms
  ok    the whole operator set lexes as itself                                                                          1ms
  ok    a character no rule wants is an illegal character, reported where it stands                                     1ms
  ok    a loop label is told from a character by its missing closing quote                                              1ms
  ok    'x' with a closing quote stays a character literal                                                              1ms
  ok    a label may hold digits and underscores after its first letter                                                  1ms
  ok    a labeled loop keyword and an array of characters do not confuse the two                                        1ms
  ok    an ordinary word, quoted, is the same name                                                                      1ms
  ok    a quoted identifier may hold spaces and punctuation                                                             1ms
  ok    a reserved word between backticks is a name                                                                     1ms
  ok    a contextual word quoted is a distinct token from the bare word                                                 1ms
  ok    a backtick is not an illegal character                                                                          1ms
  ok    unterminated, and a newline does not close it                                                                   1ms
  ok    a quoted identifier needs a name between the backticks                                                          2ms
  ok    a dot is refused, since a qualified name is carried as a dotted string                                          1ms
  ok    comments are skipped                                                                                            1ms
  ok    a block comment nests, so an inner close does not end the outer one                                             1ms
  ok    they nest to any depth                                                                                          1ms
  ok    an opener inside a line comment opens nothing                                                                   1ms
  ok    a comment spanning lines joins what surrounds it                                                                1ms
  ok    one closing the file with no newline after it is still closed                                                   1ms
  ok    a block comment that never closes is reported where it opened                                                   1ms
  ok    a nested opener inside a comment about a glob runs the comment on                                               1ms
  ok    the lexer collects the doc form and leaves every other comment alone                                            1ms
  ok    the empty block comment is not a doc comment opening                                                            1ms
  ok    several are collected in source order, and each of them once                                                    1ms
  ok    a doc comment is trivia, so it cannot change what a program means                                               1ms
  ok    a token knows the extent it was read from                                                                       1ms
  ok    a literal's extent is the whole lexeme, quotes and prefix included                                              1ms
  ok    an extent survives a line, so a diagnostic on line two names line two                                           1ms
  ok    the end of the input is a token of its own, with an empty extent there                                          1ms
  ok    a file need not end in a newline                                                                                1ms
  ok    line endings may be LF or CRLF                                                                                  1ms
  ok    non-ASCII text is legal in a comment                                                                            2ms
  ok    a label at the very end of the input is still a label                                                           1ms
  ok    an empty file is one empty statement                                                                            1ms
  ok    an annotation's sigil is a token like any other, so one may sit at column 1                                     1ms

/Users/ed/dev/sysl-lang/sysl-emit-d1/sh/sysl/compiler/tests_lex_layout.sysl
  ok    an indented block yields Newline, Indent and Dedent                                                             1ms
  ok    the first line of a file ends no statement, so nothing precedes it                                              1ms
  ok    what is still open at the end of the file closes there                                                          1ms
  ok    a tab indents as one column, and a file may use either character                                                1ms
  ok    a line indented with both tabs and spaces is refused where it is written                                        1ms
  ok    a line matching no open level closes the innermost and carries on below it                                      1ms
  ok    a blank line is not a line                                                                                      1ms
  ok    a line holding only a comment is not a line either                                                              1ms
  ok    a block comment spanning whole lines between statements opens no block                                          1ms
  ok    an indented line opening with a block comment indents by where the comment starts                               1ms
  ok    a comment occupying a whole line contributes no indentation of its own                                          1ms
  ok    a comment opening the first line of a block still fixes the block's indentation                                 1ms
  ok    brackets suspend the rule, so no indentation tokens appear inside                                               1ms
  ok    every bracket pair suspends it                                                                                  1ms
  ok    a bracket opened inside a block does not close that block                                                       1ms
  ok    a match written as an argument opens its arms, brackets and all                                                 2ms
  ok    and so does an arrow, which is what a multi-statement closure needs                                             1ms
  ok    the bracket rule resumes at the dedent, so an argument after the block is at the outer level                    1ms
  ok    then, else and do are not among the two                                                                         1ms
  ok    a function type written inside brackets may be broken before its arrow                                          1ms
  ok    …and may not be broken after it, which is the one layout the rule costs                                         1ms
  ok    an arithmetic operator carries the line                                                                         1ms
  ok    the continuation line's own indentation carries no meaning                                                      1ms
  ok    several operators in a row each carry the line                                                                  1ms
  ok    a comment after the operator does not end the line                                                              1ms
  ok    a blank line after the operator does not end it either                                                          1ms
  ok    a prefix operator continues, because it cannot finish an expression                                             1ms
  ok    a compound assignment continues                                                                                 1ms
  ok    a comparison and a conjunction continue                                                                         1ms
  ok    a line ending in a complete expression ends a statement                                                         1ms
  ok    '=' does not continue, because it opens a body                                                                  1ms
  ok    '->' does not continue, because it separates a pattern from its body                                            1ms
  ok    a postfix operator is a complete statement                                                                      2ms
  ok    a range operator does not continue, since it can be complete                                                    1ms
  ok    a wildcard import is still a whole statement                                                                    1ms
  ok    one link lexes as though it had been written on one line                                                        1ms
  ok    and so does a chain of them                                                                                     1ms
  ok    the continuation line's own indentation carries no meaning here either                                          1ms
  ok    a comment line in the middle of a chain does not end it                                                         1ms
  ok    nor does a blank line                                                                                           1ms
  ok    the two continuation rules compose                                                                              1ms
  ok    a range operator at the start of a line is not a chain                                                          1ms
  ok    a tuple index at the start of a line is not a chain                                                             1ms
  ok    a wildcard import is untouched from this side too                                                               1ms
  ok    the line above has to be one a chain could continue                                                             1ms
  ok    the four reserved words that are values are the exception                                                       1ms
  ok    a trailing dot is not a continuation, and stays whatever the parser makes of it                                 1ms
  ok    a dedented continuation line has its dedent swallowed with the newline                                          1ms
  ok    a chain written at the outer margin is still inside the block above it                                          2ms
  ok    a leading dot admits a name in any script                                                                       1ms
  ok    a separator at the top level closes nothing                                                                     1ms
  ok    a bracket opened inside a triggered body suspends that body again                                               1ms
  ok    every file of this compiler lexes without a complaint                                                           5ms

/Users/ed/dev/sysl-lang/sysl-emit-d1/sh/sysl/compiler/tests_lex_literal.sysl
  ok    a decimal literal                                                                                               1ms
  ok    hexadecimal, binary and octal share one value space                                                             1ms
  ok    hexadecimal is case-insensitive                                                                                 1ms
  ok    there is no C leading-zero octal, so 010 is decimal ten                                                         1ms
  ok    digit separators are stripped                                                                                   1ms
  ok    a separator may lead the digits where a base prefix precedes it                                                 1ms
  ok    a value wider than any integer this compiler holds still lexes                                                  1ms
  ok    type suffixes                                                                                                   1ms
  ok    a friendly alias is not a valid suffix                                                                          1ms
  ok    a suffix naming a width that begins with a zero is not one either                                               1ms
  ok    the greedy scan makes a bad suffix one literal rather than two tokens                                           2ms
  ok    a trailing separator is refused                                                                                 1ms
  ok    a doubled separator is refused                                                                                  1ms
  ok    a base prefix is lower-case, so an upper-case one is a suffix on a zero                                         1ms
  ok    a base prefix with no digits after it is missing its digits                                                     1ms
  ok    a dot with fractional digits                                                                                    1ms
  ok    exponents, signed and unsigned                                                                                  1ms
  ok    an exponent is spelled with a lower-case e whichever case it was written in                                     1ms
  ok    float suffixes                                                                                                  1ms
  ok    a float suffix makes a float of a literal written with no dot                                                   1ms
  ok    an integer suffix on a float is refused                                                                         1ms
  ok    a float suffix on a non-decimal literal is refused                                                              1ms
  ok    a hexadecimal literal swallows an f, because f is one of its digits                                             1ms
  ok    the value keeps its full width as text, since f128 exceeds a real                                               1ms
  ok    separators come out of a fraction and an exponent too                                                           1ms
  ok    an e with no digits after it is the head of a suffix, not an exponent                                           1ms
  ok    the range dot does not start a float                                                                            1ms
  ok    a method call on an integer is not a float either                                                               1ms
  ok    every escape the language defines                                                                               1ms
  ok    the same table applies inside a string                                                                          2ms
  ok    an escape the table does not name                                                                               1ms
  ok    the escape character has no shorthand                                                                           1ms
  ok    a backslash with nothing after it                                                                               1ms
  ok    the braced codepoint escape takes one to six hex digits, in either case                                         1ms
  ok    it needs its braces                                                                                             1ms
  ok    it needs at least one digit and at most six                                                                     1ms
  ok    it refuses the values that are not scalar values                                                                1ms
  ok    a supplementary character is one scalar value                                                                   1ms
  ok    a two- and three-byte character passes through unchanged                                                        2ms
  ok    a character literal holds exactly one character                                                                 1ms
  ok    neither literal may run past the end of its line                                                                1ms
  ok    an empty string is a string                                                                                     1ms
  ok    a comment marker inside a string is ordinary text                                                               1ms
  ok    a quoted literal lexes to its decoded value                                                                     1ms
  ok    a C string is its own literal, distinct from an ordinary one                                                    1ms
  ok    escapes in a C string are decoded exactly as in an ordinary one                                                 1ms
  ok    the empty C string is a literal like any other                                                                  1ms
  ok    an unterminated C string is refused like any other                                                              1ms
  ok    a name ending in c does not become a prefix                                                                     1ms
  ok    raw leaves a backslash and a hole alone, which is the whole of what it is for                                   1ms
  ok    a prefix not against a quote is an ordinary identifier                                                          1ms
  ok    on one line a raw literal cannot hold a quote                                                                   2ms
  ok    a hole separates the surrounding literals                                                                       1ms
  ok    a bare $name is a hole whose source is the name                                                                 1ms
  ok    the parts still decode escapes                                                                                  1ms
  ok    a hole's source keeps a nested string and brace verbatim for re-lexing                                          1ms
  ok    a doubled sigil is one literal dollar, not a hole                                                               1ms
  ok    an f-string captures a printf specifier after a hole                                                            1ms
  ok    a specifier binds only after a hole; a stray percent is text                                                    1ms
  ok    a hole with no specifier in an f-string carries none                                                            1ms
  ok    s never captures a specifier, so the percent is text                                                            1ms
  ok    a hole that runs off its line is refused                                                                        1ms
  ok    a sigil with nothing a hole could begin with is refused                                                         1ms
  ok    a block keeps its line breaks and drops the indentation it was written at                                       1ms
  ok    the closing delimiter says how much indentation is incidental                                                   1ms
  ok    a delimiter on a content line leaves no trailing newline                                                        1ms
  ok    a backslash at the end of a line joins it to the next                                                           1ms
  ok    a block is an ordinary string literal                                                                           1ms
  ok    the interpolation prefixes compose with the block form                                                          1ms
  ok    a raw block leaves a backslash alone                                                                            1ms
  ok    a raw block reads no holes either, so it can carry another language                                             1ms
  ok    the escape table still applies inside a block                                                                   2ms
  ok    a lone quote inside a block is ordinary text                                                                    1ms
  ok    content on the opening line is refused                                                                          1ms
  ok    an unterminated block is refused                                                                                1ms
  ok    trailing blanks on a line are dropped                                                                           1ms
  ok    a trailing space that is meant is written as an escape                                                          1ms
  ok    a blank line does not lower the strip                                                                           1ms
  ok    a block with no content lines is the empty string                                                               1ms
  ok    a short blank line gives up only the whitespace it has                                                          1ms
  ok    a one-line literal beside a block is unaffected                                                                 1ms
  ok    an empty string is still an empty string beside the block form                                                  1ms
  ok    a C string may be a block                                                                                       1ms
  ok    an f-string block keeps its specifiers                                                                          1ms
  ok    a carriage return does not reach the value                                                                      1ms
  ok    a comment marker inside a block is ordinary text                                                                1ms
  ok    a raw block is byte for byte what was written                                                                   2ms
  ok    the code around a block indents normally, the layout never seeing its lines                                     1ms
  ok    a hole in a block may not span its lines                                                                        1ms

/Users/ed/dev/sysl-lang/sysl-emit-d1/sh/sysl/compiler/tests_manifest.sysl
  ok    a name and a version                                                                                            1ms
  ok    and neither is required                                                                                         1ms
  ok    a name that is a path rather than a name is refused, and so are the two directory names                         1ms
  ok    an empty name is refused as its own mistake                                                                     1ms
  ok    an empty file is a project that said nothing                                                                    1ms
  ok    a package may state a compiler floor                                                                            1ms
  ok    something that is not a version is refused, and the field is named                                              1ms
  ok    an interim spelling is refused too -- a package states a release                                                1ms
  ok    an older compiler is refused, naming the package, the floor and what is in hand                                 1ms
  ok    the floor itself is old enough, and so is anything above it                                                     1ms
  ok    an interim compiler satisfies the floor its numbers reach                                                       1ms
  ok    a coordinate and a version                                                                                      1ms
  ok    a dependency naming no coordinate, and one naming no version, are each refused                                  1ms
  ok    an unknown key at the top level is reported and ignored                                                         1ms
  ok    and it does not stop the keys beside it from being read                                                         1ms
  ok    one inside 'package' is reported the same way, under its own path                                               1ms
  ok    what a package cannot be built without is asked of the machine it is built for                                  1ms
  ok    a package at a version is the same bytes for every project, so it lives under the cache                         2ms
  ok    this repository's own manifest reads, and says what it says                                                     1ms

/Users/ed/dev/sysl-lang/sysl-emit-d1/sh/sysl/compiler/tests_oracle.sysl
  ok    the two compilers build the same tree for every sysl file on this machine                                       9133ms
  ok    and on every sysl block the reference pages show, accepted and refused alike                                    3629ms
  ok    the two analyzers build the same typed tree for every body they both read                                       36115ms
  ok    the two compilers file the same functions under the same keys, with the same signatures                         376274ms
  ok    the two analyzers agree on a whole program, with the library's own bodies in it                                 1171779ms
  ok    the two compilers emit the same LLVM types and the same bodies for the ones both lower                          417693ms

/Users/ed/dev/sysl-lang/sysl-emit-d1/sh/sysl/compiler/tests_parse_attr.sysl
  ok    an annotation stands on the line above the declaration it marks                                                 2ms
  ok    several may stand above one declaration, on one line or on several                                              1ms
  ok    '@test' takes the description a report shows it under                                                           1ms
  ok    and '()' is neither a description nor nothing at all                                                            1ms
  ok    each of the four hooks says when a run calls the function, and takes no arguments                               2ms
  ok    two annotations that each say when a run calls the function name different moments                              1ms
  ok    an annotation written twice says nothing the once does not                                                      1ms
  ok    a frame names the module variables it covers, and its parentheses are what say it covers none                   2ms
  ok    '@pure' already says what a frame says, so the two together say one thing twice                                 1ms
  ok    '@export' names what C sees, under a symbol or under the function's own name                                    1ms
  ok    '@section' places one object, and names the section as a string                                                 1ms
  ok    '@align' names the boundary a binding's storage begins on                                                       1ms
  ok    '@crossing' and '@needs' each name at least one thing                                                           2ms
  ok    '@needs' is the one annotation an 'extern' takes                                                                1ms
  ok    the layout annotations mark a struct                                                                            1ms
  ok    and '@packed' has nothing to pack above a binding or a function                                                 1ms
  ok    an annotation that marks a function says so above a declaration of another kind                                 1ms
  ok    a word that is not an annotation is answered with the roster                                                    1ms
  ok    '#' opens a directive, and an annotation is written '@'                                                         1ms
  ok    '@borrows' says something only on a trait's method                                                              1ms
  ok    the annotations a member may carry are the ones about a parameter                                               2ms
  ok    and the rest are about a free function or about a type                                                          1ms
  ok    an annotation above a field has no parameter to name                                                            1ms
  ok    '@assert' stands beside a type rather than inside it                                                            1ms
  ok    '@assert' is a declaration of its own, and its parentheses are what make it one                                 1ms
  ok    a header clause written among the statements is told where it belongs                                           2ms
  ok    a test may be private, which is what a test of a module's own internals needs                                   1ms
  ok    an ordinary declaration after a test is not swept into it                                                       1ms
  ok    two tests in a row each keep their own attribute                                                                1ms
  ok    blank lines between the attribute and the function do not separate them                                         1ms
  ok    a directive's sigil is not an annotation's, and the refusal says which is which                                 1ms
  ok    '@section' has no storage to place above a 'const', which is folded into every use                              1ms
  ok    '@needs' marks a function or an 'extern', and this declares neither                                             2ms
  ok    neither annotation a binding takes may stand above one that names several                                       1ms

/Users/ed/dev/sysl-lang/sysl-emit-d1/sh/sysl/compiler/tests_parse_decl.sysl
  ok    an expression-bodied function                                                                                   1ms
  ok    a block-bodied function, whose trailing expression is its result                                                1ms
  ok    a function with no result type takes unit, and one with no parameters takes none                                1ms
  ok    a bare call is not a declaration, and the two are told apart by the body                                        1ms
  ok    a function may declare type parameters, and bound them where or inline                                          2ms
  ok    a 'where' clause naming a parameter the declaration has not got is refused                                      1ms
  ok    a parameter may carry a default, and a field may not                                                            1ms
  ok    a parameter may collect the rest of the call, and declares no default beside it                                 1ms
  ok    a parameter may be taken by name, its argument being a thunk the callee runs                                    2ms
  ok    a function takes the same ellipsis an extern does                                                               1ms
  ok    a function may hand back several results                                                                        1ms
  ok    a reserved word may name a parameter only in backticks                                                          1ms
  ok    an 'end' marker closes a function, and one naming another declaration is said so                                1ms
  ok    a function may be declared inside a function, a declaration being a statement                                   2ms
  ok    a call convention is written in front of the name                                                               1ms
  ok    and a convention with no body is a declaration missing its body, not two expressions                            1ms
  ok    a parameter list opening on a receiver is a call rather than a declaration                                      1ms
  ok    an 'extern' declares a header and no body                                                                       1ms
  ok    an 'extern' may be variadic, and the same declaration without one is not                                        1ms
  ok    a link name is the symbol, and the name after it is the sysl one                                                1ms
  ok    an 'extern' declares no type parameters, there being no body to monomorphize                                    2ms
  ok    an 'extern' variable states the type the other side laid down                                                   1ms
  ok    and what follows an extern's name is a bracket or a colon                                                       1ms
  ok    a struct with two fields                                                                                        1ms
  ok    a struct with no fields at all writes its emptiness                                                             1ms
  ok    an 'opaque' struct may have no body, being C's incomplete type                                                  1ms
  ok    a struct's fields may each be restricted                                                                        2ms
  ok    a struct may derive, and may declare type parameters                                                            1ms
  ok    a struct's body may carry an invariant                                                                          1ms
  ok    a member of a struct is told from a field by what follows its name                                              1ms
  ok    a receiver says how a method takes the value it was called on                                                   1ms
  ok    a method's parameters follow its receiver                                                                       1ms
  ok    a setter is filed under the property it writes                                                                  1ms
  ok    a static property is the type's rather than a value's                                                           2ms
  ok    and a static member with a parameter list is an associated function already                                     1ms
  ok    'override' has nothing to replace outside an 'impl' block                                                       1ms
  ok    an enum's variants may be bare, valued, or carry named fields                                                   1ms
  ok    a variant's payload names its fields                                                                            1ms
  ok    an enum's body may hold members beside its variants                                                             2ms
  ok    an enum may be generic and may derive                                                                           1ms
  ok    a trait's member may be a bare signature or carry a default body                                                1ms
  ok    a trait may require others, and one that does needs no body of its own                                          1ms
  ok    a trait declares the associated types an implementation supplies                                                1ms
  ok    and there is nothing for a trait's associated type to equal                                                     1ms
  ok    a trait's members carry no visibility of their own                                                              1ms
  ok    an 'impl' supplies what a trait asked for, for one type                                                         2ms
  ok    an 'impl' may be generic, and may name the trait's own arguments                                                1ms
  ok    an 'impl' supplies the associated type rather than bounding it                                                  1ms
  ok    'override' is written on the member inside an 'impl', and on the block                                          1ms
  ok    an 'impl' block carries no visibility of its own                                                                1ms
  ok    an 'end' after an impl names the type it was for                                                                1ms
  ok    a 'type' names another spelling of its base, and 'new' makes it a type of its own                               2ms
  ok    a constrained type carries the range its values lie in, or the predicate they satisfy                           1ms
  ok    'c const' reads its constants out of C, each in quotes                                                          1ms
  ok    'c type' reads a typedef's sysl type out of C, and carries no sysl type of its own                              1ms
  ok    'c' stays an ordinary name, which the keyword after it is what makes safe                                       1ms
  ok    and a 'c const' with no block under it is told what one looks like                                              1ms
  ok    a 'within' bound may be a literal, a name, or an expression over names                                          1ms
  ok    and it stops below the range operator, so the two bounds stay two                                               1ms
  ok    the three forms compose                                                                                         2ms
  ok    'within', 'where' and 'new' stay ordinary identifiers outside a type declaration                                1ms
  ok    a 'within' bound may name a constant, as an array bound may                                                     1ms
  ok    a generic struct, enum and function each carry the parameters they declared                                     1ms
  ok    a bound written inline reaches the same place a 'where' clause does                                             1ms
  ok    an unbounded parameter is simply absent from the bounds                                                         1ms
  ok    indexing is still an expression rather than a type application                                                  2ms
  ok    a contract clause stands at the top of a function's body, in the order it was written                           1ms
  ok    a struct's invariants collect in source order, and its fields are left alone                                    1ms
  ok    and a field may still be named 'invariant'                                                                      1ms
  ok    invariants coexist with members                                                                                 1ms
  ok    a nested function parses exactly as a top-level one does                                                        1ms
  ok    a result list is still a result list beside a callable parameter                                                1ms
  ok    a closure's body may reach through a declaration                                                                2ms
  ok    'Fn' stays a soft word where a parameter's type names one                                                       1ms

/Users/ed/dev/sysl-lang/sysl-emit-d1/sh/sysl/compiler/tests_parse_diag.sysl
  ok    a second argument with no comma wants the comma's closing bracket                                               1ms
  ok    a second value after an expression wants the end of the statement                                               1ms
  ok    an operator with nothing after it wants a value                                                                 1ms
  ok    a byte literal that does not exist is read as the name beside it                                                1ms
  ok    a stray token inside a branch is reported in the branch                                                         2ms
  ok    a stray bracket is not told a 'match' is missing                                                                1ms
  ok    and blank lines before it do not move the complaint onto them                                                   1ms
  ok    a file that opens badly is told what a statement begins with                                                    1ms
  ok    a block that never closes still reports the block's own expectation                                             1ms
  ok    an arm with no pattern                                                                                          1ms
  ok    a lexical error outranks the grammar's reaction to it                                                           1ms
  ok    a file reports every line it could not read, not only the first                                                 2ms
  ok    a good file yields none, and its tree is the whole of it                                                        1ms
  ok    the statements around a broken one survive it                                                                   1ms
  ok    a broken line is dropped rather than stood in for                                                               1ms
  ok    a skip stays inside the block it began in                                                                       1ms
  ok    a mistake two blocks deep is reported where it is, and costs neither block                                      1ms
  ok    a mistake in a match arm does not take the arms below it                                                        2ms
  ok    two statements on one line are still two statements too many                                                    1ms
  ok    diagnostics come back in source order                                                                           1ms
  ok    an empty file is not a file with a mistake in it                                                                1ms
  ok    nor is a file of blank lines                                                                                    1ms
  ok    a mistake at the very last token terminates                                                                     1ms
  ok    a file that is one unreadable token terminates                                                                  1ms
  ok    an unclosed bracket swallows the file, and says so once                                                         2ms
  ok    a second value after a binding wants the end of the statement                                                   1ms
  ok    and it is not told about an assignment operator it never looked for                                             1ms
  ok    a binding with nothing after its '=' wants a value, in the column the '=' left it at                            1ms
  ok    while an indented one is the value, for a const as much as for a var                                            1ms
  ok    nor is one under a module header or a leading attribute                                                         1ms
  ok    a stray label is not told a loop keyword is missing                                                             1ms
  ok    an attribute with no name is owed an attribute                                                                  1ms
  ok    a field with no name is owed an identifier                                                                      2ms
  ok    a parameter with no name is owed the bracket, an empty list being legal                                         1ms
  ok    a by-name parameter's backtrack leaves no arrow behind it                                                       1ms
  ok    a frame list that runs on wants its closing bracket                                                             1ms
  ok    and a block inside a function body reports the same                                                             1ms
  ok    a body that will not parse does not report against the signature above it                                       1ms
  ok    the forms all of this could have broken still parse                                                             2ms
  ok    a broken line is dropped rather than stood in for, and the bindings around it survive                           1ms
  ok    a broken statement in a function's body does not take the rest of the file                                      1ms
  ok    a broken header takes the block it opened, and reports itself once                                              1ms
  ok    an unclosed bracket in a declaration swallows the file, and says so once                                        1ms
  ok    a mistake in a match arm below a binding does not take the arms below it                                        2ms
  ok    a literate file's second mistake is reported in the reader's own columns                                        1ms

/Users/ed/dev/sysl-lang/sysl-emit-d1/sh/sysl/compiler/tests_parse_expr.sysl
  ok    multiplication binds tighter than addition                                                                      1ms
  ok    a shift binds like a multiplication, tighter than addition                                                      1ms
  ok    bitwise-and binds tighter than comparison, which is the fix to C                                                1ms
  ok    addition is left-associative                                                                                    1ms
  ok    assignment is right-associative and loosest                                                                     1ms
  ok    the three bitwise operators keep three levels, and-tightest                                                     2ms
  ok    and binds tighter than or                                                                                       1ms
  ok    prefix negation applies to the whole postfix chain, so '-a.b' is '-(a.b)'                                       1ms
  ok    a single comparison                                                                                             1ms
  ok    a three-way chain keeps all operands and operators                                                              1ms
  ok    an exclusive range sits below arithmetic                                                                        1ms
  ok    an open-ended range                                                                                             1ms
  ok    a range binds tighter than a comparison, which is the level above it                                            1ms
  ok    a range does not associate, so a chain of two has no reading                                                    1ms
  ok    '..=' is refused by name wherever a range may be written                                                        1ms
  ok    and it points at the '..', not past the '='                                                                     1ms
  ok    postfix binds tighter than prefix, so '*p++' is '*(p++)'                                                        2ms
  ok    member access chains                                                                                            1ms
  ok    a call with arguments                                                                                           1ms
  ok    index and try                                                                                                   1ms
  ok    one thing in the brackets is a subscript and more than one never was                                            1ms
  ok    a tuple's parts are selected by number, and two indices at once are refused by name                             1ms
  ok    and a dot followed by neither says which of the two was wanted                                                  1ms
  ok    unit, grouping and tuples                                                                                       1ms
  ok    literals carry their lexed values                                                                               1ms
  ok    a leading dot is a member of the type the context expects                                                       1ms
  ok    a number is written with a digit before the point                                                               1ms
  ok    an array literal, an empty one, and the repeated form                                                           2ms
  ok    a subscript chains, and a range subscript is a slice                                                            1ms
  ok    either end of a range subscript may be left open                                                                1ms
  ok    a length reads as a field                                                                                       1ms
  ok    address-of and dereference are prefix operators                                                                 1ms
  ok    null is a primary, and compares                                                                                 1ms
  ok    a dereference is an assignment target                                                                           1ms
  ok    a bare attribute is a TypeAttr on the type name                                                                 1ms
  ok    an attribute with an argument is a call over the TypeAttr                                                       1ms
  ok    '::' binds tighter than a following operator                                                                    1ms
  ok    the operand of 'sizeof' is read with the type grammar, not the expression grammar                               1ms
  ok    'alignof' is the same form under the other word                                                                 1ms
  ok    it is a primary, so an operator around it binds outside it                                                      1ms
  ok    a value operand is refused by name rather than left to a parse error                                            1ms
  ok    'offsetof' takes a type and then a field name                                                                   2ms
  ok    and the field may be a quoted name, since every naming position takes one                                       1ms
  ok    a missing field name, and a missing operand list, are refused by name                                           1ms
  ok    one parameter drops its parentheses                                                                             1ms
  ok    two or more are parenthesized, and none is the empty pair                                                       1ms
  ok    the body extends as far right as an expression can                                                              1ms
  ok    a parameter may be annotated inside the parentheses, and not outside them                                       1ms
  ok    at a call site a closure is an ordinary argument                                                                1ms
  ok    a closure may yield a closure                                                                                   1ms
  ok    a parenthesized list with no arrow after it is still a tuple                                                    1ms
  ok    an assignment's right side is a closure and its left side is not                                                1ms
  ok    a closure's parameter declares no default                                                                       1ms
  ok    an indented block is a body, and its trailing expression is the value                                           1ms
  ok    one field changed, and several at once                                                                          1ms
  ok    it binds tighter than arithmetic, so it changes the operand it follows                                          2ms
  ok    a selection after the clause reads the changed value                                                            1ms
  ok    no fields at all is refused by name, and so is a clause with no braces                                          1ms
  ok    'with' is not reserved, so it stays a legal name                                                                1ms
  ok    'is' tests a pattern where a condition is wanted                                                                1ms
  ok    its alternatives share one answer, so they are written with '|'                                                 1ms
  ok    'is' sits between '&&' and the comparisons                                                                      1ms
  ok    a literal, alternative, range, and else arm                                                                     2ms
  ok    the 'else' arm takes an indented body as readily as an inline one                                               1ms
  ok    and an arrow after 'else' is refused by name                                                                    1ms
  ok    the scrutinee is everything to the left of the keyword                                                          2ms
  ok    a second match takes the first one's value                                                                      1ms
  ok    a guarded wildcard arm                                                                                          1ms
  ok    a positional struct pattern parses like a variant                                                               2ms
  ok    a named struct pattern carries field-name and sub-pattern pairs                                                 1ms
  ok    a named-field shorthand binds each field to its own name                                                        1ms
  ok    'if' is an expression, and yields the value of the taken branch                                                 1ms
  ok    in statement position the 'else' may be left off                                                                2ms
  ok    an indented body needs no 'then'                                                                                1ms
  ok    an 'elif' is an 'if' in the 'else' of the one before it                                                         1ms
  ok    'end if' closes the form, and 'end' stays a soft word                                                           1ms
  ok    an interpolation with no holes is just the literal                                                              1ms
  ok    a lone hole renders that name, with no surrounding literals                                                     1ms
  ok    surrounding text becomes the literal segments around each render                                                2ms
  ok    adjacent holes render each with no literal between them                                                         1ms
  ok    a braced hole parses as a full expression                                                                       1ms
  ok    a hole may itself contain a string, a brace, and further interpolation                                          1ms
  ok    '$$' is a literal dollar, not a hole                                                                            1ms
  ok    raw keeps both a backslash and a hole as ordinary characters                                                    1ms
  ok    a malformed hole is a fatal error naming the interpolation                                                      1ms
  ok    an f-string hole with a specifier renders through format, not str                                               1ms
  ok    an f-string hole with no specifier still renders through str                                                    1ms
  ok    an f-string mixes formatted and plain holes around its literals                                                 1ms
  ok    a named argument stands at the parameter it names                                                               1ms
  ok    'xs...' is the one argument that is already the rest                                                            2ms
  ok    a trailing block stands at a parameter of its own                                                               1ms
  ok    a bare '_' in operand position is a closure parameter, closing at the argument                                  1ms
  ok    a group is a boundary, so anything outside it applies to the closure itself                                     1ms
  ok    and a statement is the outermost of the three                                                                   1ms
  ok    two placeholders in one boundary are two parameters, in the order written                                       1ms
  ok    a bare '_' argument is left for the enclosing call to lift                                                      1ms
  ok    a closure of its own is a boundary, so a '_' inside one belongs to it                                           1ms
  ok    an interpolation hole is a boundary, so a placeholder cannot reach out of a string                              2ms
  ok    a trailing block may be written with no argument list in front of it                                            1ms
  ok    and it binds as tightly as a call's, so it lands on the operand it follows                                      1ms

/Users/ed/dev/sysl-lang/sysl-emit-d1/sh/sysl/compiler/tests_parse_file.sysl
  ok    a file may declare the module it belongs to, and its parts are the dots it was written with                     1ms
  ok    a module path is written with plain names, a module naming a directory                                          1ms
  ok    the statements under a header are read as they are anywhere                                                     1ms
  ok    '@tests' says the file is compiled only when tests are being run                                                1ms
  ok    a capability clause runs either way: given up, or asked for                                                     1ms
  ok    a link names a library, and an include the C header a declaration was read from                                 2ms
  ok    several clauses may follow one header, each on a line of its own                                                1ms
  ok    a file that declares no module may open with its clauses, the root module being one too                         1ms
  ok    and the statements under the clauses are still read                                                             1ms
  ok    an import names a module, and may take names out of it                                                          1ms
  ok    an import may bind the module itself under another name                                                         1ms
  ok    but a rename beside a wildcard or a selector list would have nothing to name                                    1ms
  ok    a documentation comment is read off the lexer, a comment reaching no grammar rule                               2ms
  ok    a '.lsysl' file is a Markdown document whose indented blocks are the program                                    1ms
  ok    consecutive indented blocks are one block, a paragraph between them ending nothing                              1ms
  ok    a body split by a paragraph resumes at the indentation it left off at                                           1ms
  ok    a fenced block is an illustration, and is not compiled however it is indented                                   1ms
  ok    and a fence may quote a shorter one, the longer opener being how                                                1ms
  ok    what is under a bullet is prose, an indented block there belonging to the item                                  1ms
  ok    a tab in the indentation is refused, being as wide as whatever is displaying it                                 1ms
  ok    a fence that is never closed is refused at the line that opened it                                              1ms
  ok    positions survive: a line of program text is on the line it was written on                                      2ms
  ok    a file that is not literate is read as an ordinary program whatever its indentation                             1ms

/Users/ed/dev/sysl-lang/sysl-emit-d1/sh/sysl/compiler/tests_parse_patterns.sysl
  ok    a wildcard matches anything and binds nothing                                                                   1ms
  ok    a literal pattern is the literal that spells it                                                                 1ms
  ok    a negative number is the unary negation it is written as                                                        1ms
  ok    a range pattern keeps both bounds and which end is open                                                         1ms
  ok    a bare name binds, and a qualified one is a pattern wherever a bare one is                                      1ms
  ok    a backticked name references rather than binds                                                                  1ms
  ok    a variant pattern binds each sub-pattern to a field, and they nest                                              1ms
  ok    a positional struct pattern binds every field by position                                                       1ms
  ok    a named struct pattern binds fields by name, and the short form writes each name once                           2ms
  ok    a tuple pattern matches by position                                                                             1ms
  ok    and one part is not a tuple, said rather than left to a parse error                                             1ms
  ok    'n @ pat' matches and names at once                                                                             1ms
  ok    what a binding introduces is a local, so a dotted name may not stand there                                      1ms
  ok    a pattern is matched against a type it already knows, so there is no leading dot                                1ms

/Users/ed/dev/sysl-lang/sysl-emit-d1/sh/sysl/compiler/tests_parse_stmt.sysl
  ok    a 'val' binds a name to a value, and its type may be left off                                                   1ms
  ok    a 'var' may be declared with no value at all                                                                    1ms
  ok    a 'const' states both halves, and neither is optional                                                           1ms
  ok    a binding's value may be an indented block, and a block of one expression is that expression                    1ms
  ok    'ref' names storage that already exists                                                                         2ms
  ok    'static' marks a binding as the module's rather than the body's                                                 1ms
  ok    a binding may name several things at once                                                                       1ms
  ok    a binding's left side may be a pattern                                                                          1ms
  ok    a visibility restricts the declaration it is written in front of                                                1ms
  ok    an assignment to one place is an expression                                                                     1ms
  ok    an assignment to several places at once is a statement of its own                                               1ms
  ok    a comma list with no assignment is a result list                                                                2ms
  ok    'return' hands back nothing, one value, or the several a result list names                                      1ms
  ok    'break' takes a label, a value, or both                                                                         1ms
  ok    'continue' takes a label and nothing else                                                                       1ms
  ok    'defer' takes one statement, which is why the whole form is one line                                            1ms
  ok    'become' takes a call, and stays an ordinary name where none follows                                            1ms
  ok    a contract clause takes a condition and the message a failure carries                                           2ms
  ok    'invariant' and 'variant' are contextual, so they stay ordinary names                                           1ms
  ok    a 'while' takes a condition, a body, and the 'else' a finished loop runs                                        1ms
  ok    a 'loop' takes no condition and no 'else', never finishing on its own                                           1ms
  ok    a 'do' loop tests after its body                                                                                1ms
  ok    a 'for' walks what it is given, and may take it apart                                                           1ms
  ok    a three-clause 'for' takes an init, a test and a step, each of which may be empty                               1ms
  ok    'for const' is the loop the compiler unrolls, and takes no label                                                1ms
  ok    a quantifier is told from a counted loop by one token                                                           2ms
  ok    a label is written before the loop's own word, and a 'break' names it                                           1ms
  ok    a loop is an expression, so a binding may take one                                                              1ms
  ok    an 'asm' block holds one arm per architecture                                                                   1ms
  ok    an arm may say the operation costs no instruction here                                                          1ms
  ok    an arm's block holds instructions, operands and what it destroys                                                1ms
  ok    'asm' stays an ordinary name where no arm list follows it                                                       1ms
  ok    a control-flow expression may sit on an assignment's right, whichever operator it is                            2ms
  ok    and where a bracket bounds it                                                                                   1ms
  ok    but it is not a bare operator's operand                                                                         1ms
  ok    every assignment operator parses under its own symbol                                                           1ms
  ok    the left of an assignment is a place, however it is written                                                     1ms
  ok    a 'match' written as a block reaches an assignment's right                                                      2ms
  ok    an introducer may be left off before an indented block                                                          1ms
  ok    but a one-line body needs it, there being nothing else to say where the body begins                             1ms
  ok    an inline body ends at the line it was written on                                                               1ms
  ok    an 'end' marker closes a loop, and parses the same as without one                                               1ms
  ok    a 'loop' takes no 'else', there being no normal completion for one to follow                                    1ms
  ok    a nested loop's 'break' names which one it leaves                                                               1ms
  ok    a loop's body may hold several statements                                                                       2ms
  ok    'end' stays an ordinary name                                                                                    1ms
  ok    every pattern a binding takes, a 'for' takes                                                                    1ms
  ok    and the loop is still a loop, carrying its label, its 'else' and what a 'break' hands back                      1ms
  ok    but a comma list of names is refused with the pattern that works                                                1ms
  ok    an operand line nothing can read costs that line rather than the compilation                                    1ms

/Users/ed/dev/sysl-lang/sysl-emit-d1/sh/sysl/compiler/tests_parse_types.sysl
  ok    a bare name is a type                                                                                           1ms
  ok    a type reference applied to one argument, and to nested ones                                                    2ms
  ok    a type argument that is a value is told from one that is a name                                                 1ms
  ok    an associated type is bound by name inside the argument list                                                    1ms
  ok    'T::Item' projects an associated type, and the arguments are read before the projection                         1ms
  ok    a raw pointer, a reference, and an atomic reference                                                             1ms
  ok    sigils stack, right to left                                                                                     1ms
  ok    a sigil applies to a type argument as readily as to a name                                                      1ms
  ok    'weak' applies to a type the way the sigils do, and nests inside them                                           1ms
  ok    'weak sync T' says which chapter it is waiting for                                                              1ms
  ok    'sync' stays an ordinary name, so a type may be called it                                                       1ms
  ok    'volatile' is a soft word, so it is special only in front of another type                                       1ms
  ok    a fixed array names its length and a slice omits it                                                             1ms
  ok    arrays nest, which is how a rectangle is written                                                                1ms
  ok    a slice of references keeps both sigils                                                                         2ms
  ok    'const' after the brackets says the view refuses writes                                                         1ms
  ok    and a length in them beside it is a contradiction, named as one                                                 1ms
  ok    a vector's lane count is part of its type                                                                       1ms
  ok    and the empty spelling is refused with the reason a slice is not parallel                                       1ms
  ok    a tuple has two or more parts                                                                                   1ms
  ok    and one part is that part, said rather than left to a parse error                                               1ms
  ok    a bare pack parses so the analyzer can say where one may be written                                             1ms
  ok    a pack is the whole of the tuple it stands for                                                                  1ms
  ok    the bare arrow takes one domain, and several are parenthesized                                                  1ms
  ok    'Fn' writes the same thing out                                                                                  1ms
  ok    a mode sigil takes the whole callable, not just its first parameter                                             1ms
  ok    the arrow binds looser than a sigil on its left                                                                 2ms
  ok    and looser than a slice on its left                                                                             1ms
  ok    a callable may yield a callable                                                                                 1ms
  ok    'Fn' stays a soft word, so a program may name a type of its own that                                            1ms
  ok    '*extern' is C's function pointer, written with the signature it is called at                                   1ms
  ok    and one written without a signature is refused by name                                                          1ms
  ok    'some Trait' says where it may stand rather than that a type was expected                                       1ms
  ok    but a declaration's result reads it, which is the position it belongs in                                        1ms
  ok    and it stands for the whole result, never for one part of a list                                                1ms
  ok    and 'some' stays a soft word, so a type may be named it                                                         1ms
  ok    a type is quoted back in the spelling it was written in                                                         1ms
  ok    a parameter list keeps the order it was written in                                                              2ms
  ok    a bound is written where the parameter is, and several join with '+'                                            1ms
  ok    a default is one type, written after an '='                                                                     1ms
  ok    a value parameter carries the type its argument must have                                                       1ms
  ok    and one written without a type is told what the type is for                                                     1ms
  ok    a pack stands for a list of types, and may carry bounds                                                         1ms
  ok    but takes no default, since a default is one type                                                               1ms
  ok    a 'where' clause names a parameter and what it must implement                                                   1ms
  ok    and the ':' is what separates the two                                                                           1ms

/Users/ed/dev/sysl-lang/sysl-emit-d1/sh/sysl/compiler/tests_program.sysl
  ok    '==' on a type with an 'impl Eq' is the link its 'eq' performs                                                  307ms
  ok    and '>' is that type's 'lt' with the operands exchanged                                                         309ms
  ok    and '<=' is that type's 'lt' negated                                                                            306ms
  ok    a scalar keeps its instruction, so nothing dispatches                                                           305ms
  ok    '+' on a type with an 'impl Add' is a call to its 'add'                                                         308ms
  ok    and a prefix '-' is a call to its 'neg'                                                                         307ms
  ok    a type implementing neither is refused where it stands                                                          307ms
  ok    a compound assignment reaches the same implementation, as a name                                                307ms
  ok    a bit-surface member is an instruction, with its amount read at the trait's own parameter                       305ms
  ok    and a count answers the width the trait declares, not the type it was asked of                                  303ms
  ok    the magnitude is the signed integers and nothing else                                                           462ms
  ok    an identity is a number stated in the catalog, at the type it was asked of                                      306ms
  ok    and a width is read off the type, at the width the trait answers in                                             306ms
  ok    a catalog trait is found where the library put it, not where its spelling suggests                              308ms
  ok    a string's characters are the library's cursor over its bytes, reached without being named                      305ms
  ok    a library name is found where the library put it, not under the standard module                                 306ms
  ok    a pointer at a type that implements the trait goes behind the table a raw object carries                        307ms
  ok    and a value with no address of its own is told to take one                                                      306ms
  ok    a 'for' over a type that implements 'Iterate' binds a cursor and matches what 'next' answers                    309ms
  ok    and the cursor is advanced through its address, so the walk is over a copy                                      311ms
  ok    a type implementing no 'Iterate' is still told what a 'for' walks                                               306ms
  ok    a declaration written out beats one a type parameter covers                                                     307ms
  ok    and a call the written-out one does not take still reaches the generic                                          309ms
  ok    a member of a file-private type is internal, since nothing outside the file can reach it                        310ms
  ok    an argument at a parameter still being solved is read bare, and the position converts it                        307ms
  ok    a closure literal is a struct of what it captures, built where it is written                                    305ms
  ok    and the call is to the instantiation the closure's own struct made                                              306ms
  ok    a capture is read as a field of the environment the body was handed                                             307ms
  ok    and the body it lowers to is internal, since nothing outside can name it                                        304ms
  ok    a closure capturing nothing is a struct with no fields                                                          309ms
  ok    a bare-arrow parameter is called through the call trait, taking its receiver by address                         306ms
  ok    a declared function where a callable is wanted is the capture-free closure                                      308ms
  ok    a closure's result comes from its body, and nothing has to say what it is                                       306ms
  ok    a closure standing at a callable of another arity is refused where it stands                                    306ms
  ok    a parameter nothing says the type of is reported against the parameter                                          307ms
  ok    a member with type parameters of its own is instantiated from the call                                          304ms
  ok    an atomic load reads the word its address points at, at the ordering written                                    305ms
  ok    a fence is nothing but its ordering, so it reaches no address                                                   304ms
  ok    a load has nothing to release, so a releasing one is refused                                                    305ms
  ok    and a width the machine has no instruction for is refused where it is written                                   305ms
  ok    a relaxed fence would order nothing, and the machine has no instruction for one                                 304ms
  ok    a declaration of the name wins, since these forms take no name out of a program's vocabulary                    308ms
  ok    a simple enum maps a value to its position and a position back to a value                                       311ms
  ok    and a value to the name it was declared under                                                                   308ms
  ok    an enum's ends are its first and last variants, folded where they are written                                   305ms
  ok    an integer type states the extremes it can hold, and they fold to literals                                      305ms
  ok    an integer is not a declared sequence, and its ends are named differently                                       309ms
  ok    an enum carrying data has no ordinal maps to read                                                               307ms
  ok    every type answers its own compile-time identity                                                                304ms
  ok    a type with no elements of its own is read by a subscript through 'Index'                                       312ms
  ok    and set through 'IndexSet', which is a call rather than a store                                                 310ms
  ok    a compound assignment through the trait would evaluate the receiver twice                                       310ms
  ok    '&f' on a declared function is the address C's function pointer holds                                           305ms
  ok    a variadic function is reached by calling it, since a tail has no width to state                                306ms
  ok    an aggregate crosses to C in whichever registers that machine names, so its address is refused                  305ms
  ok    a nullary variant of a generic enum with nothing to settle it reports rather than picking                       306ms
  ok    and the branch is held over for its sibling, which is what makes the 'if' read                                  305ms
  ok    'derives Eq' walks a struct's fields, and the first disagreement decides                                        305ms
  ok    'derives Ord' is lexicographic, written as a ladder                                                             307ms
  ok    'derives Hash' mixes the fields in order with FNV's prime                                                       309ms
  ok    'derives Display' renders a data enum's variant under its own name                                              313ms
  ok    a simple enum is already 'Eq', so deriving one is refused at the word                                           305ms
  ok    and a trait the compiler cannot write is refused by name                                                        311ms
  ok    a closure standing at a boxed callable is erased into the object the type names                                 305ms
  ok    a module bound to a name is written before a dot, and the call reaches through it                               306ms
  ok    a generic enum's variant named through its enum is worked out from what it carries                              307ms
  ok    and a nullary one takes the instantiation its position names                                                    306ms
  ok    what one callable yields settles what the next one takes                                                        307ms
  ok    a value that is not a scalar renders itself through its 'Display'                                               308ms
  ok    and a scalar goes out directly, since the two render alike and one builds no sink                               306ms
  ok    a module may be written out in full at a call                                                                   305ms
  ok    an operator's dispatch is a body the program reaches                                                            306ms
  ok    and so is every slot of a table a value was erased into                                                         308ms
  ok    what a 'within' declaration narrowed is part of the type its attributes read                                    620ms
  ok    and a type parameter bound to one reads that type's ends and not its base's                                     306ms
  ok    an unranged subtype has no ends to name, and its bounds are its base's                                          463ms
  ok    a module's storage names its types after its members do, which is the order they are laid out in                307ms
  ok    and the type is still read where nothing names the storage, so a mistake in one is reported                     308ms
  ok    a 'where' predicate becomes a function of the value, named after the type it narrows                            309ms
  ok    and a struct's invariant clauses become one function of its fields                                              306ms
  ok    a predicate is code, so one that is not a 'bool' is reported as the condition a reader wrote                    307ms
  ok    and so is an invariant clause                                                                                   306ms
  ok    a struct that states an invariant is checked the moment one is built                                            308ms
  ok    and one that states none is built with nothing wrapped around it                                                305ms
  ok    the file carrying the statements a program runs is the one it starts in                                         309ms
  ok    and a file of pure declarations is not, however much it declares                                                308ms
  ok    a program starts in one place, so a second file carrying statements is told to hold none                        307ms
  ok    and a 'main' beside those statements is the same mistake written the other way                                  308ms
  ok    a top-level 'var' in a file that names a module is that module's storage                                        309ms
  ok    'static' says a declaration is the module's, and says nothing in a file with no body                            309ms
  ok    while in the file the program starts in it is what opts a binding back into the module                          308ms
  ok    a function declared inside a body is lifted into the environment its block shares                               305ms
  ok    and the block's functions share one environment, so a sibling call is a call on the receiver                    304ms
  ok    the environment holds the address of each capture, so a nested function writes the local                        306ms
  ok    a nested function is called where it is written and is not a value                                              307ms
  ok    and it has no address to take, for the same reason                                                              305ms
  ok    it may not be generic, since the type arguments would have nowhere to come from                                 306ms
  ok    and nothing outside can name it, so there is nothing for a visibility modifier to restrict                      306ms
  ok    a group that reads a binding written below it is built after the last of them                                   305ms
  ok    and a call written above that point has no environment to make, and is told which name it waits on              305ms
  ok    a call above the functions themselves is told that instead                                                      305ms
  ok    a body reaches its own group and no further, so one of the body around it is out of reach                       304ms
  ok    and a closure written beside one reaches no further either                                                      305ms
  ok    a loop body is a block, so the functions in one are its own                                                     306ms
  ok    a top-level function in the file the program starts in stays the module's unless it captures                    309ms
  ok    and one that reads what the body binds is a nested function of it                                               308ms
  ok    a constant written in terms of itself is a loop, and every name in it is told at its own declaration            309ms
  ok    and the loop is read from each of them in turn, however long it is                                              306ms
  ok    while a constant written in terms of one above it is the ordinary case                                          307ms
  ok    a type that holds itself has no finite size, and is refused where it is declared                                307ms
  ok    and one that reaches itself through a generic that holds its parameter by value is the same                     314ms
  ok    while a hop is what makes a cycle finite, so a pointer to itself is a pointer's worth                           307ms
  ok    and a slice of itself points too, whatever the element is written as                                            308ms
  ok    two types that hold each other are one cycle, and the first of them is told                                     308ms
  ok    a parameter's default is read where it is written, whether or not any call takes it                             309ms
  ok    and a call that leaves the argument out settles the type parameter from the default                             472ms
  ok    a default read at its declaration makes nothing real, since what it makes is the caller's                       309ms
  ok    a generic container read at its own definition lays out nothing, because nothing has that type                  310ms
  ok    a declaration the destructor warning reads is not a type the program laid out                                   313ms

/Users/ed/dev/sysl-lang/sysl-emit-d1/sh/sysl/compiler/tests_project.sysl
  ok    a file named on its own is compiled alone, as the root module                                                   3ms
  ok    a directory is the root, and each sub-directory below it is a module                                            2ms
  ok    a directory's own segments are its own, and are not appended to its siblings'                                   2ms
  ok    the root's 'examples' and 'vendor' are not compiled, and the name is ordinary elsewhere                         2ms
  ok    a per-OS directory disappears, and its files belong to the directory above it                                   2ms
  ok    and a selector this machine is not is never read                                                                2ms
  ok    with no machine named, every selector answers -- which is what renders a tree                                   1ms
  ok    a selector naming no machine is a mistake in the tree, and says which quarter of it is wrong                    2ms
  ok    a selector inside a selector could never be read, so it is refused rather than skipped                          1ms
  ok    two selectors that both answer, each holding one name, is a collision rather than a merge                       2ms
  ok    two selectors that both answer holding different names is a pair, not a mistake                                 2ms
  ok    a listing is sorted, so what a compilation sees does not depend on the filesystem's order                       1ms
  ok    the last segment of a path, whichever separator wrote it                                                        2ms
  ok    the directory a path sits in, and nothing where it names none                                                   1ms
  ok    a path and one more segment, without doubling the separator                                                     1ms
  ok    the two suffixes a program may be written under                                                                 1ms

/Users/ed/dev/sysl-lang/sysl-emit-d1/sh/sysl/compiler/tests_resolve.sysl
  ok    a scalar resolves to the width it names, and the address-width two to the target's                              1ms
  ok    a qualifier and a pointer are what they are written as                                                          2ms
  ok    a slice takes its element and whether it may be written; an array takes its length too                          1ms
  ok    a tuple is the compiler's own struct, and a result list is that struct wearing a second name                    1ms
  ok    a written callable is the trait of its arity, with its result last                                              1ms
  ok    a pointer to a C function keeps the convention it was written under                                             2ms
  ok    a declared type resolves to the one record every use of it shares                                               1ms
  ok    a generic resolves once per set of arguments                                                                    1ms
  ok    a plain alias is another spelling for what it names, and nothing more                                           1ms
  ok    and a derived one is a type of its own, over the base it narrows                                                2ms
  ok    a type parameter stands for itself while a signature is read                                                    1ms
  ok    a name nothing declares is refused, and what is refused answers with nothing settled                            1ms
  ok    a trait with an associated type takes an argument that binds it                                                 1ms
  ok    and one with no parameters and no associated types is told it takes none                                        2ms
  ok    a module's name may be written in front of a type, and an alias for the module may be too                       1ms
  ok    an array's length is a literal, or a constant expression that folds to one                                      1ms
  ok    and a length written in terms of a type parameter stands at zero until it is instantiated                       1ms

/Users/ed/dev/sysl-lang/sysl-emit-d1/sh/sysl/compiler/tests_std.sysl
  ok    SYSL_LIB is taken at its word, and is the directory above 'sysl' rather than 'sysl' itself                      2ms
  ok    and a SYSL_LIB that holds no 'sysl' says which of the two directories it should have been                       1ms
  ok    the installed answer is beside the binary, reached by going up out of 'bin'                                     1ms
  ok    'lib' is tried after 'library' everywhere, because copies under the old name are on disk                        1ms
  ok    a compiler that cannot find its library lists every path it tried, and the two ways out                         1ms
  ok    a library file is called by its place in the library, never by the path it was read from                        2ms
  ok    and a file of the library's own root keeps its name under the prefix alone                                      1ms
  ok    the library on this machine reads, parses, and has its own '@tests' files dropped                               154ms
  ok    a library root that holds nothing readable is a different failure from not finding one                          2ms

/Users/ed/dev/sysl-lang/sysl-emit-d1/sh/sysl/compiler/tests_stmt.sysl
  ok    a 'val' takes the type of its value, and the one it was declared with where there is one                        1ms
  ok    a 'var' with a type and no value starts at that type's zero                                                     2ms
  ok    a binding's initializer is read at the declared type, so a literal narrows into it                              1ms
  ok    'ref' names the place it found, so the name holds that place's type                                             2ms
  ok    a name bound twice in one body is bound twice in the frame, and the second is renamed                           1ms
  ok    a 'val' may shadow a parameter, and the parameter keeps its own slot                                            1ms
  ok    a binding made in a block leaves with it, so the name outside is the outer one                                  2ms
  ok    an assignment is an expression whose type is the place's                                                        1ms
  ok    a compound assignment keeps the place's type, and the value takes the place's width                             2ms
  ok    several places at once are written from several values, and the statement yields nothing                        1ms
  ok    a variant pattern binds its fields at the types the variant declares                                            2ms
  ok    a struct pattern binds by name, in any order, and fills what it did not mention                                 1ms
  ok    a tuple pattern is the positional struct pattern with the name off                                              2ms
  ok    '@' binds the whole of what the inner pattern matched                                                           1ms
  ok    a bare name in a pattern names a variant where the enum has one, and binds where it does not                    1ms
  ok    a quoted name tests what it already holds rather than binding a new one                                         2ms
  ok    a constant in a pattern folds to the literal it stands for                                                      1ms
  ok    a binding whose left side is a pattern takes the value apart once                                               2ms
  ok    an 'is' binding reaches the branch its test guards                                                              1ms
  ok    and a chain of terms lets each read what the one before it bound                                                2ms
  ok    an 'if' with two branches meets at one type                                                                     1ms
  ok    a branch that has no type of its own takes its sibling's                                                        2ms
  ok    an 'if' with no 'else' is a statement, whatever its branch yields                                               1ms
  ok    a branch that does not finish takes the other's type                                                            1ms
  ok    a 'match' used for a value meets its arms at one type                                                           2ms
  ok    an arm that does not finish constrains nothing                                                                  1ms
  ok    a block is an expression, and its value is its trailing one                                                     2ms
  ok    a loop yields what its 'break' carried, met with its 'else'                                                     1ms
  ok    a 'loop' nothing breaks out of never finishes, so it may stand where a value is wanted                          2ms
  ok    a counted 'for' walks its bounds' own integer type                                                              1ms
  ok    and a 'for' over storage binds a copy of each element                                                           1ms
  ok    a three-clause 'for' binds its init in a scope the condition and the step can read                              2ms
  ok    a 'while' is a value too, and its condition may bind                                                            1ms
  ok    a 'do while' reads its test after the body, in the scope around it                                              2ms
  ok    a quantifier is a 'bool' over an integer range                                                                  1ms
  ok    a block that ends in a jump does not arrive, so its type is 'never'                                             1ms
  ok    a function that declares no result hands nothing back, whatever its body yields                                 2ms
  ok    'defer' holds a statement back, and reads it where it was written                                               1ms
  ok    'require' and 'ensure' are read against the signature, and 'result' names what comes back                       1ms
  ok    'old' remembers what an expression was on entry, at that expression's own type                                  2ms
  ok    a 'for' header may take its element apart, which is the binding's own pattern reached from a loop               1ms
  ok    and the part it skips with a wildcard binds nothing                                                             2ms
  ok    a loop variable is a 'var', so what a 'for' named may be written                                                1ms
  ok    naming an arm with '@' does not change what it covers                                                           1ms
  ok    and a match that leaves one out is still refused when the rest are named                                        2ms
  ok    a guarded arm discharges nothing, since the guard cannot be proved to hold                                      1ms
  ok    a bool is covered by its two literals, and a tuple by every combination of them                                 2ms
  ok    and a gap the split reaches names the combination that is missing                                               1ms
  ok    a struct has one shape, so a struct pattern over irrefutable parts covers it                                    1ms
  ok    a literal leaves a gap with no name, so the complaint says only that there is one                               2ms
  ok    an 'is' binding does not reach the 'else' branch, nor the code after the whole 'if'                             1ms
  ok    a 'while' remakes its binding each round, and its 'else' cannot read one                                        2ms
  ok    a gap is named at the depth it is missing at                                                                    1ms
  ok    and a column no arm narrowed stays a '_' rather than expanding behind it                                        2ms
  ok    a scalar match is checked only where it is used for a value, and an enum's in both places                       1ms
  ok    a partial 'match' that does not carry a literal `Some` does not discharge the variant                           2ms
  ok    a position that boxes reaches each branch, so a value branch and a reference branch meet                        1ms
  ok    and a match's arms meet the same way                                                                            2ms

/Users/ed/dev/sysl-lang/sysl-emit-d1/sh/sysl/compiler/tests_stmt_diag.sysl
  ok    a body whose statements are sound says nothing                                                                  1ms
  ok    a 'var' with neither a type nor a value has nothing to be                                                       2ms
  ok    a binding's declared type and its value have to agree                                                           1ms
  ok    a binding needs a value to hold, so an initializer that never returns is refused                                1ms
  ok    'ref' names a place, and says what a place is                                                                   2ms
  ok    a local has no section, since its storage is the frame of whichever call is running                             1ms
  ok    a 'val' is written once, and the refusal names the keyword rather than the address                              1ms
  ok    and a pattern binding is written once for a different reason, said in its own words                             1ms
  ok    an assignment's value has to be something the place can hold                                                    2ms
  ok    and its target has to be somewhere with an address                                                              1ms
  ok    a string's bytes are not writable, and each way of reaching them says so                                        1ms
  ok    nor are the elements of a read-only view                                                                        2ms
  ok    a comma form has to have as many values as it has places                                                        1ms
  ok    and a binding may not name one thing twice                                                                      1ms
  ok    a binding has no other arm, so a pattern that only sometimes matches is refused                                 2ms
  ok    and a tuple pattern has to have as many parts as the value does                                                 1ms
  ok    a 'return' is checked against the declared result, in both directions                                           1ms
  ok    'break' and 'continue' need a loop to act on                                                                    2ms
  ok    a label has to name a loop this one is inside                                                                   1ms
  ok    and two loops in sight of each other may not share one                                                          2ms
  ok    a value-carrying break needs an 'else' to answer for the path that finishes                                     1ms
  ok    and every break and the 'else' have to meet at one type                                                         2ms
  ok    a deferred statement runs while the block is being left, so it cannot leave it again                            1ms
  ok    nor bind a name that dies the moment it finishes                                                                1ms
  ok    two branches that each yield a value have to yield the same one                                                 2ms
  ok    a 'match' used for a value must be exhaustive, and an enum's gap is named                                       1ms
  ok    and a 'bool' is told what the type needs rather than which value is missing                                     1ms
  ok    two arms that each yield a value have to yield the same one                                                     2ms
  ok    a positional struct pattern names every field, so a short one is a checked mistake                              1ms
  ok    a named struct pattern names fields the struct has, each at most once                                           2ms
  ok    and a pattern that names another type does not match this one                                                   1ms
  ok    a pattern does not reach through a memory mode, and the refusal writes the dereference                          2ms
  ok    but a value that was never going to match is not told to dereference itself                                     1ms
  ok    a qualified name cannot bind, since no program can declare one                                                  1ms
  ok    a variant that carries data is matched with its fields, however it is spelled                                   2ms
  ok    a range pattern is for a number or a char, and a string's is a trap rather than a range                         1ms
  ok    one name is bound once in one pattern, however deeply it nests                                                  2ms
  ok    and alternatives share one answer, so none of them may bind                                                     1ms
  ok    a test with one answer is a mistake rather than a tautology to fold away                                        1ms
  ok    a pattern under 'is not' cannot bind, since the branch it guards is the one that missed                         2ms
  ok    and alternatives in a condition may not bind either, in the words that position needs                           1ms
  ok    a string has bytes and characters both, so which one a 'for' walks is written                                   1ms
  ok    a quantifier walks an integer range and nothing else                                                            2ms
  ok    a contract clause comes before any other statement of a body                                                    1ms
  ok    and an 'invariant' belongs at the head of a loop's body                                                         1ms
  ok    a type is a module member, and so is a constant                                                                 2ms

/Users/ed/dev/sysl-lang/sysl-emit-d1/sh/sysl/compiler/tests_target.sysl
  ok    the registry gives each target one name                                                                         1ms
  ok    and a triple, which is no longer unique across the registry                                                     1ms
  ok    it builds for every address width, and refuses only what it has no convention for                               1ms
  ok    a processor's width is the processor's, and every target on one agrees about it                                 1ms
  ok    naming one resolves a name in the registry                                                                      1ms
  ok    and says what there is when the name is not one of them                                                         1ms
  ok    and says why a target it knows cannot be built for, which is a different sentence                               1ms
  ok    the listing gives the same reason the refusal gives                                                             1ms
  ok    and it is case-sensitive, since the name is written down and not guessed at                                     2ms
  ok    a machine naming itself reads the three vocabularies this machine speaks                                        1ms
  ok    and the spellings a machine of another kind would use                                                           1ms
  ok    and answers with nothing when either half is one it does not know                                               1ms
  ok    and never answers with a machine that has no operating system under it                                          1ms
  ok    the host is a row of the registry, and a compilation naming no target gets it                                   1ms

/Users/ed/dev/sysl-lang/sysl-emit-d1/sh/sysl/compiler/tests_tast.sysl
  ok    a literal's type is the literal's, and the three that have only one do not carry it                             1ms
  ok    a node whose type is fixed by what it is does not carry one                                                     1ms
  ok    and one whose type is another node's reads it off that node                                                     1ms
  ok    a struct built from its fields is that struct                                                                   1ms
  ok    a place is a local, module storage, a dereference or an index                                                   1ms
  ok    and a computed value is not, however it was reached                                                             1ms
  ok    a field is a place only where its receiver is one                                                               2ms
  ok    the storage a node names keeps the qualifier the value read out of it dropped                                   1ms
  ok    and a node that names no storage answers with the type of its value                                             1ms
  ok    a field of something that is not a struct falls back to the type the node carries                               1ms
  ok    a pattern knows the type it matches against                                                                     1ms
  ok    and a range pattern takes its type from the bound it starts at                                                  1ms
  ok    the hooks a module declared are taken by their kind, and a test with none carries none                          1ms

/Users/ed/dev/sysl-lang/sysl-emit-d1/sh/sysl/compiler/tests_toolchain.sysl
  ok    a processor's back end is named as LLVM registers it, not as a source file writes it                            1ms
  ok    a link line names the triple, the level, and what the linker is to drop                                         1ms
  ok    an ELF target is told to drop unreached sections by the other spelling                                          2ms
  ok    a named clang that has not got the back end is refused rather than searched past                                16ms
  ok    and a name nothing can run is refused before its back ends are asked for                                        2ms
  ok    a machine with no C toolchain is refused with the commands that do work                                         1ms
  ok    SYSL_EXTRA_CFLAGS is split on spaces and spliced into the link line                                             1ms
  ok    a program is compiled, linked and run, and says what it computed                                                781ms

/Users/ed/dev/sysl-lang/sysl-emit-d1/sh/sysl/compiler/tests_trait.sysl
  ok    a type's own method is a function whose receiver is its first parameter                                         2ms
  ok    and a call on a value is a call to it                                                                           2ms
  ok    a property is read without parentheses, and is the same call underneath                                         2ms
  ok    a trait's member becomes the implementing type's, under that type's name                                        1ms
  ok    a default the block left out is materialized for the implementing type                                          2ms
  ok    a value that forgot its type reaches its trait's members through a table                                        2ms
  ok    and the slot a member sits in is the position it has in what the table lays out                                 1ms
  ok    a required trait's members are the requiring one's too, and come first in the table                             1ms
  ok    an implementation is selected by the argument list, so a type may keep more than one                            2ms
  ok    and a call whose arguments name no implementation is refused rather than resolved                               2ms
  ok    an associated type is what the implementation said it was                                                       2ms
  ok    and a bound's projection is the same question asked of a parameter                                              2ms
  ok    a member written for every slice is reached on one, at the element it matched                                   1ms
  ok    a value put where an object was expected is put behind the trait's table                                        2ms
  ok    and a type that does not implement the trait is left to the ordinary mismatch                                   1ms
  ok    an object over one trait is not something another object can be built from                                      2ms
  ok    a generic block's condition is asked of the type's own arguments                                                2ms
  ok    a setter's parameter takes the property's type, and a write to the property is a call                           1ms
  ok    and a compound write reads through the receiver's address once                                                  2ms
  ok    a property with no setter says what is missing and where it goes                                                2ms
  ok    and a compound one is told what it has nothing to write back                                                    1ms
  ok    a setter with no property to write is refused where the pairing would have happened                             1ms

/Users/ed/dev/sysl-lang/sysl-emit-d1/sh/sysl/compiler/tests_trait_diag.sysl
  ok    a name a type has no member of is told what it does not have, in the words the read used                        2ms
  ok    and a member reached the wrong way is told which way is right                                                   2ms
  ok    a call reaches through one level of indirection, and the rest is written out                                    1ms
  ok    a generic nothing instantiates is still checked, and the bound is what it is told to write                      1ms
  ok    a method no trait declares names no bound to add                                                                2ms
  ok    and a method two traits declare offers both                                                                     1ms
  ok    the call is checked against the trait's signature, not against any implementation's                             2ms
  ok    an unbounded parameter cannot satisfy a callee's bound                                                          1ms
  ok    and a concrete argument that does not implement the bound is told so at the call                                2ms
  ok    a parameter no call could settle is refused where it is written                                                 1ms
  ok    a bound naming something that is not a trait is refused at the bound                                            1ms
  ok    and a trait applied to the wrong number of arguments is told in a trait's words                                 2ms
  ok    a member the trait does not declare is not one an implementation may define                                     1ms
  ok    and one it declares without a body is one the implementation owes                                               2ms
  ok    replacing a default says so, and supplying a requirement does not                                               1ms
  ok    a signature that does not match the trait's is reported at the part that differs                                2ms
  ok    a trait implemented twice at one argument list is refused at the second block                                   1ms
  ok    an associated type the trait leaves open is one the implementation fills                                        2ms
  ok    a block written for a bare type parameter says how every type behaves, and is refused                           1ms
  ok    a name a type's own body already used is a collision whatever brought the second one                            2ms
  ok    a name reached through a type is an associated function, and is told when there is none                         1ms
  ok    a trait object reaches what its table holds, and is told what that is                                           2ms

/Users/ed/dev/sysl-lang/sysl-emit-d1/sh/sysl/compiler/tests_types.sysl
  ok    a width a program has a word for is shown as that word                                                          1ms
  ok    and one it has no word for is shown as its width                                                                1ms
  ok    an address-width integer is shown by the name that says so, not by its width                                    1ms
  ok    the scalars that are not numbers are shown by their own names                                                   1ms
  ok    a composite is shown the way it is written                                                                      1ms
  ok    a pointer to a C function is shown with the word that says which convention it is under                         1ms
  ok    a tuple is shown as its parentheses, not as the declaration it lowers to                                        1ms
  ok    a callable trait is shown as the call it stands for                                                             1ms
  ok    a named type is shown with its module in dots and its arguments in brackets                                     1ms
  ok    a named subtype is shown by the name it was declared under                                                      1ms
  ok    a stand-in is shown as the parameter that was written, without the pack's bookkeeping                           1ms
  ok    and the article is taken off where a message supplies its own                                                   2ms
  ok    a symbol names a type in a spelling a linker will take                                                          1ms
  ok    and a named type by its declaration and the arguments this one was made with                                    1ms
  ok    a named subtype is its own symbol only where it is a type of its own                                            1ms
  ok    a read-only slice's members are filed under a name of their own                                                 1ms
  ok    a declaration's key is its module and its name, joined by a character no name may hold                          1ms
  ok    and a file with no module clause qualifies nothing                                                              1ms
  ok    a name that already carries the separator has it escaped, so the split still finds the real one                 1ms
  ok    a named type is the same type as another by its name and its arguments, never by its fields                     1ms
  ok    a stand-in is the same stand-in by its name alone                                                               1ms
  ok    an integer is the same integer by its width, its sign and whether it is an address                              1ms
  ok    and a composite by what it is made of                                                                           1ms
  ok    a type that takes no room is not stored, and one that yields nothing is not a value                             1ms
  ok    the peeling takes a qualifier off, and a named subtype only where it is not a type of its own                   1ms
  ok    what may be compared, ordered and computed with                                                                 1ms
  ok    an enum is equatable where every variant carries nothing                                                        2ms
  ok    a pointer to a trait carries a table, so it points at nothing a program can name                                1ms
  ok    what a thing is indexed to, and what a view of it is                                                            1ms
  ok    a type holding anything counted is not copied by copying its bytes                                              1ms
  ok    a type still mentioning a parameter cannot be lowered, and one mentioning nothing settled is already reported   1ms
  ok    an instantiation is filed under what it is called and which stand-ins it was made from                          1ms
  ok    the range a width holds, and what a value that does not fit becomes                                             1ms
  ok    a field that takes no room is not stored, and the slots after it move up                                        1ms
  ok    an enum's variants are found by name, and each carries where it says it does                                    1ms
  ok    a scalar is looked up by the word a program writes for it                                                       1ms
  ok    a value that does not fit the underlying integer is refused, naming the type it was pinned to                   2ms
  ok    a variant that carries data cannot also be given a value                                                        1ms
  ok    two variants standing for one value leave nothing to tell them apart                                            1ms
  ok    a value that is not a compile-time integer is refused                                                           1ms
  ok    a struct that asked for a boundary is that aligned, and its size rounds up to it                                2ms
  ok    a boundary that is not a power of two is not a boundary                                                         1ms
  ok    a boundary that is not settled while compiling is refused                                                       1ms

1722 passed, 0 failed — 2088078ms
